ausdrücke,Na alles klar bei dir?,Na minden oké nálad?,
ausdrücke,Na alles rund?,Minden rendben?,
ausdrücke,Was geht ab?,Mi újság? (nagyon laza),
ausdrücke,Was liegt an?,Mi a helyzet?,
ausdrücke,Mach's gut!,Vigyázz magadra!,
ausdrücke,Bis gleich!,Mindjárt találkozunk!,
ausdrücke,Hau ab!,Csáó lépj le! (nagyon laza),
ausdrücke,Schieb ab!,Húzz el!,
ausdrücke,Krass!,Durva! (meglepő),
ausdrücke,Echt jetzt?,Most tényleg ? | Komolyan?,
ausdrücke,Das nervt mich total!,Ez rohadtul idegesít!,
ausdrücke,Mega geil!,Szuper király!,
ausdrücke,Ich habe keinen Bock,Nincs kedvem,
ausdrücke,Tippitoppi!,Tökéletes szuper!,
ausdrücke,Du packst das!,Meg tudod csinálni!,
ausdrücke,Rate mal!,Találd ki!,
ausdrücke,Mach dir keinen Kopf!,Ne aggódj!,
ausdrücke,Das ist nicht dein Ernst!,Ezt nem mondod komolyan!,
ausdrücke,So ein Schmarrn!,Micsoda hülyeség!,
ausdrücke,Versteh mich nicht falsch!,Ne érts félre!,
ausdrücke,Komm schwing dich!,Gyere mozogj már!,
ausdrücke,Schieß los!,Mondjad rajta! Ki vele!,
ausdrücke,Lenk nicht vom Thema ab!,Ne tereld el a témát!,
ausdrücke,Ehrenwort!,Becsületszavamra!,
ausdrücke,Spuck's raus!,Mondd már! Nyögd már ki!,
ausdrücke,Schwamm drüber!,Felejtsük el!,
ausdrücke,Supergerne!,Nagyon szívesen!,
ausdrücke,Halb so schlimm!,Nem olyan vészes!,
ausdrücke,Was ist daran so lustig?,Mi olyan vicces ebben?,
ausdrücke,Ich freu mich für dich!,Örülök neked!,
ausdrücke,Sie war immer ein Dramakönig,Ő mindig is drámakirálynő volt,
ausdrücke,Jetzt darfst du dreimal raten!,Na hármat találhatsz!,
ausdrücke,Mann oh Mann!,Nahát! | Atyaég!,
ausdrücke,Scherzkeks!,Nagyon vicces vagy!,
ausdrücke,Keinen Mucks!,Egy hangot se!,
ausdrücke,Das ist doof!,Ez hülyeség!,
ausdrücke,Das ist Schwachsinn!,Ez totális hülyeség!,
ausdrücke,Verkacken,Elszúrni valamit,
ausdrücke,Entspann dich!,Lazíts!,
ausdrücke,Alles Roger!,Minden rendben!,
ausdrücke,Was heckst du da aus?,Mit forralsz?,
ausdrücke,Ich hab's satt!,Elegem van!,
ausdrücke,Scher dich nicht drum!,Ne foglalkozz vele!,
ausdrücke,Ich wette…,Fogadok…,
ausdrücke,Lass uns eine Pause machen,Tartsunk egy szünetet!,
ausdrücke,Das schaffst du schon!,Menni fog neked!,
ausdrücke,Kopf aus!,Kapcsold ki az agyad!,
ausdrücke,Abgemacht!,Megegyeztünk!,
ausdrücke,Entspann dich!,Lazíts!,
ausdrücke,Willst du mich pflanzen?,Hülyének nézel?,
1000 häufigsten Wörter,auf hören,abbahagy,
1000 häufigsten Wörter,das Fenster,ablak,
1000 häufigsten Wörter,die Portion,adag,
1000 häufigsten Wörter,der Adapter,adapter,
1000 häufigsten Wörter,die Daten,adatok,
1000 häufigsten Wörter,geben    gab    h. gegeben (rendhagyó múlt),adni,
1000 häufigsten Wörter,(rádió tv) der Sender  die Steuer,adó,
1000 häufigsten Wörter,das Bett,ágy,
1000 häufigsten Wörter,das Geschenk,ajándék,
1000 häufigsten Wörter,empfehlen    empfahl    h. empfohlen,ajánlani,
1000 häufigsten Wörter,die Tür,ajtó,
1000 häufigsten Wörter,wollen    wollte    h. gewollt,akarni,
1000 häufigsten Wörter,ich will    du willst    er sie will,akarok/ akarsz/ akar,
1000 häufigsten Wörter,der Akzent    akzentfrei,akcentus/ akcentus nélkül,
1000 häufigsten Wörter,dann,akkor,
1000 häufigsten Wörter,der Akkumulator    die Batterie,akkumulátor,
1000 häufigsten Wörter,niedrig    klein,alacsony,
1000 häufigsten Wörter,der Tunnel,alagút,
1000 häufigsten Wörter,unter schreiben    unterzeichnen    h.,aláírni,
1000 häufigsten Wörter,unter,alatt,
1000 häufigsten Wörter,gelegentlich,alkalmanként,
1000 häufigsten Wörter,der Gelegenheitsarbeiter,alkalmi munkás,
1000 häufigsten Wörter,bei Gelegenheit,alkalmilag,
1000 häufigsten Wörter,die Gelegenheit,alkalom,
1000 häufigsten Wörter,günstige Gelegenheit,kedvező alakalom,
1000 häufigsten Wörter,alkoholfrei,alkoholmentes,
1000 häufigsten Wörter,alkoholisch,alkoholos (ital),
1000 häufigsten Wörter,der  die Staatsbürger in,állampolgár,
1000 häufigsten Wörter,stehen    stand    h. gestanden,áll,
1000 häufigsten Wörter,immer,állandóan,
1000 häufigsten Wörter,die Stelle - állandó állás=feste Stelle,állás,
1000 häufigsten Wörter,das Tier,állat,
1000 häufigsten Wörter,der Zoo,állatkert,
1000 häufigsten Wörter,der Tierarzt  die Tierärztin,állatorvosnő,
1000 häufigsten Wörter,die Allergie,allergia,
1000 häufigsten Wörter,allergisch,allergiás,
1000 häufigsten Wörter,die Station,állomás,
1000 häufigsten Wörter,das Gestell Gerüst,állvány,
1000 häufigsten Wörter,aufrüsten,állványoz,
1000 häufigsten Wörter,der Apfel,alma,
1000 häufigsten Wörter,die Unterhose,alsónadrág,
1000 häufigsten Wörter,schlafen    schlief    h. geschlafen,alszik,
1000 häufigsten Wörter,gewöhnlich    generell,általános,
1000 häufigsten Wörter,schläfrig,álmos,
1000 häufigsten Wörter,die Unterführung,aluljáró,
1000 häufigsten Wörter,als (csak egyszer) wenn (általában),amikor,
1000 häufigsten Wörter,so bald wie möglich,amilyen hamar csak lehet,
1000 häufigsten Wörter,das England - Angliába=nach England,Anglia,
1000 häufigsten Wörter,englisch,angol,
1000 häufigsten Wörter,die Antenne,antenna,
1000 häufigsten Wörter,die Mutter,anya,
1000 häufigsten Wörter,mütterlich,anyai,
1000 häufigsten Wörter,die Mutterschaft,anyaság,
1000 häufigsten Wörter,das Material     der Stoff,anyag,
1000 häufigsten Wörter,die Muttersprache,anyanyelv,
1000 häufigsten Wörter,die Schwiegermutter,anyós,
1000 häufigsten Wörter,der Vater,apa,
1000 häufigsten Wörter,väterlich,apai,
1000 häufigsten Wörter,die Vaterschaft,apaság,
1000 häufigsten Wörter,vaterlos,apátlan,
1000 häufigsten Wörter,der Schwiegervater,após,
1000 häufigsten Wörter,die Krankenschwerster,ápolónő,
1000 häufigsten Wörter,der April - áprilisban=im April,április,
1000 häufigsten Wörter,das Kleingeld,aprópénz,
1000 häufigsten Wörter,der Preis,ár,
1000 häufigsten Wörter,der Strom,áram,
1000 häufigsten Wörter,der Stromausfall,áramszünet,
1000 häufigsten Wörter,das Gold,arany,
1000 häufigsten Wörter,das Gesicht,arc,
1000 häufigsten Wörter,das Kaufhaus,árúház,
1000 häufigsten Wörter,das Mineralwasser,ásványvíz,
1000 häufigsten Wörter,die Frau,asszony,
1000 häufigsten Wörter,der Tisch m,asztal,
1000 häufigsten Wörter,der Tischler    die Tischlerin,asztalosnő,
1000 häufigsten Wörter,um ziehen,átöltözni,
1000 häufigsten Wörter,überweisen    h.,átutalni,
1000 häufigsten Wörter,der August -,augusztus,
1000 häufigsten Wörter,das Auto - autóban=im Auto,autó,
1000 häufigsten Wörter,die Autobahn,autópálya,
1000 häufigsten Wörter,das,az,
1000 häufigsten Wörter,gleich,azonos,
1000 häufigsten Wörter,das Baby,baba,
1000 häufigsten Wörter,der Babysitz,babaülés,
1000 häufigsten Wörter,der Klempner,bádogos,
1000 häufigsten Wörter,der Unfall,baleset,
1000 häufigsten Wörter,die linke Seite,bal oldal,
1000 häufigsten Wörter,links,balra,
1000 häufigsten Wörter,die Bank - bankba=in die Bank,bank,
1000 häufigsten Wörter,der Bankomat    der Geldautomat,bankautomata,
1000 häufigsten Wörter,das Bankkonto,bankszámla,
1000 häufigsten Wörter,das Geflügel,baromfi,
1000 häufigsten Wörter,die Bar,bár,
1000 häufigsten Wörter,der Freund    die Freundin,barátnő,
1000 häufigsten Wörter,braun,barna,
1000 häufigsten Wörter,ein    herein    hinein,be,
1000 häufigsten Wörter,zu machen    (zu)schließen,becsuk,
1000 häufigsten Wörter,aus springen,beindít,
1000 häufigsten Wörter,(be)enden    h.,befejez,
1000 häufigsten Wörter,sich an melden    h.,bejelentkezik,
1000 häufigsten Wörter,ich melde mich an,bejelentkezem,
1000 häufigsten Wörter,der Meldezettel,bejelentőlap,
1000 häufigsten Wörter,ein schalten    h.,bekapcsol,
1000 häufigsten Wörter,die Eintrittskarte,belépőjegy,
1000 häufigsten Wörter,die Innenspur,belső sáv,
1000 häufigsten Wörter,die Innenstadt,belváros,
1000 häufigsten Wörter,die Briefmarke,bélyeg,
1000 häufigsten Wörter,sich vorstellen,bemutatkozik,
1000 häufigsten Wörter,ich vorstelle mich,bemutatkozom,
1000 häufigsten Wörter,drinnen,bent,
1000 häufigsten Wörter,das Benzin,benzin,
1000 häufigsten Wörter,die Tankstelle,benzinkút,
1000 häufigsten Wörter,der Tankwart    die Tankwärtin,benzinkutasnő,
1000 häufigsten Wörter,der Lohn,bér / fizetés,
1000 häufigsten Wörter,mieten    h.,bérelni,
1000 häufigsten Wörter,der Mieter    die Mieterin,bérlőnő,
1000 häufigsten Wörter,die Zeitkarte,bérlet,
1000 häufigsten Wörter,ein steigen    stieg ein    h. eingestiegen,beszáll,
1000 häufigsten Wörter,sprechen    sprach    h. gesprochen,beszélni,
1000 häufigsten Wörter,wer spricht?,ki beszél?,
1000 häufigsten Wörter,sich unterhalten    -hielt    h. -gehalten,beszélget,
1000 häufigsten Wörter,wir unterhalten uns,beszélgetünk,
1000 häufigsten Wörter,das Gespräch,beszélgetés,
1000 häufigsten Wörter,krank,beteg,
1000 häufigsten Wörter,buchstabieren    h.,betűzni,
1000 häufigsten Wörter,der Einkauf,bevásárlás,
1000 häufigsten Wörter,das Einkaufszentrum,bevásárlóközpont,
1000 häufigsten Wörter,ein kaufen    h.,bevásárol,
1000 häufigsten Wörter,das Taschenmesser,bicska,
1000 häufigsten Wörter,die Geldstrafe,birság,
1000 häufigsten Wörter,haben    hatte    h. gehabt,birtokolni,
1000 häufigsten Wörter,ich habe / du hast / er sie es hat,nekem van / neked van / neki van,
1000 häufigsten Wörter,das Zeugnis,bizonyítvány,
1000 häufigsten Wörter,die Sicherheit,biztonság,
1000 häufigsten Wörter,sicher,biztos,
1000 häufigsten Wörter,Sind Sie sicher?,biztos benne?,
1000 häufigsten Wörter,die Versicherung,biztosítás,
1000 häufigsten Wörter,schwarz fahren    fuhr    i. gefahren,bliccel,
1000 häufigsten Wörter,die Bluse,blúz,
1000 häufigsten Wörter,Entschuldigung!,bocsánat!,
1000 häufigsten Wörter,der Flohmarkt,bolhapiac,
1000 häufigsten Wörter,der Wein,bor,
1000 häufigsten Wörter,das Kalb,borjú,
1000 häufigsten Wörter,die Weinkarte,borlap,
1000 häufigsten Wörter,die Rippe,borda,
1000 häufigsten Wörter,der Rippenbruch,bordatörés,
1000 häufigsten Wörter,der Briefumschlag,boríték,
1000 häufigsten Wörter,sich rasieren,borotválkozni,
1000 häufigsten Wörter,ich rasiere mich,borotválkozom,
1000 häufigsten Wörter,die Weinstube,borozó,
1000 häufigsten Wörter,das Trinkgeld,borravaló,
1000 häufigsten Wörter,der Pfeffer,bors,
1000 häufigsten Wörter,schrecklich,borzalmas,
1000 häufigsten Wörter,das Leder,bőr (anyag),
1000 häufigsten Wörter,die Haut,bőr (emberi),
1000 häufigsten Wörter,der Koffer,bőrönd,
1000 häufigsten Wörter,das Gefägnis,börtön,
1000 häufigsten Wörter,der Bus  - busszal=mit dem Bus,busz,
1000 häufigsten Wörter,die Buslinie,buszjárat,
1000 häufigsten Wörter,der Busbahnhof,buszpályaudvar,
1000 häufigsten Wörter,die Bushaltestelle,buszmegálló,
1000 häufigsten Wörter,dumm    die Dummheit,buta/ butaság,
1000 häufigsten Wörter,das Möbel,bútor,
1000 häufigsten Wörter,möbliert,bútorozott,
1000 häufigsten Wörter,schuldig,bűnös,
1000 häufigsten Wörter,schuldlos,bűntelen,
1000 häufigsten Wörter,die Strafe,bűntetés,
1000 häufigsten Wörter,die Firma,cég,
1000 häufigsten Wörter,das Ziel     das Zweck,cél,
1000 häufigsten Wörter,der Bleistift,ceruza,
1000 häufigsten Wörter,die Zigarette,cigaretta,
1000 häufigsten Wörter,die Adresse,cím,
1000 häufigsten Wörter,adressieren,megcímez,
1000 häufigsten Wörter,die Schuhe,cipő,
1000 häufigsten Wörter,die Schuhreparatur     der Schuster,cipőjavítás,
1000 häufigsten Wörter,die Zitrone,citrom,
1000 häufigsten Wörter,der Oberschenkel,comb,
1000 häufigsten Wörter,der Zucker - cukorral=mit dem Zucker,cukor,
1000 häufigsten Wörter,der Diabetiker    die Diabetiker,cukorbeteg,
1000 häufigsten Wörter,der Korditor    die Konditorin,cukrász,
1000 häufigsten Wörter,die Konditorei,cukrászda,
1000 häufigsten Wörter,die Familie - családdal=mit der Familie,család,
1000 häufigsten Wörter,der Familienstand,családi állapot,
1000 häufigsten Wörter,die Mannschaft    das  Team,csapat,
1000 häufigsten Wörter,der Anschluss  (utazási),csatlakozás,
1000 häufigsten Wörter,der Kanal     kanalisieren,csatorna / csatornázni,
1000 häufigsten Wörter,die Schraube,csavar,
1000 häufigsten Wörter,still    leise,csendes,
1000 häufigsten Wörter,klingen    h.,cseng,
1000 häufigsten Wörter,um tauschen    h.,cserélni,
1000 häufigsten Wörter,die Tasse,csésze,
1000 häufigsten Wörter,machen    h. - tun    h.,csinálni    tenni,
1000 häufigsten Wörter,hübsch,csinos,
1000 häufigsten Wörter,das Huhn    das Hähnchen (fiatal),csirke,
1000 häufigsten Wörter,der Stiefel,csizma,
1000 häufigsten Wörter,die Schokolade,csokoládé,
1000 häufigsten Wörter,küssen    h.,csókolni,
1000 häufigsten Wörter,die Packung,csomag,
1000 häufigsten Wörter,die Gepäckaufbewahrung,csomagkiadó,
1000 häufigsten Wörter,der Kofferraum (autóban),csomagtartó,
1000 häufigsten Wörter,die Gruppe,csoport,
1000 häufigsten Wörter,der Spitzenverkehr,csúcsforgalom,
1000 häufigsten Wörter,die Hauptverkehrszeit,csúcsidő,
1000 häufigsten Wörter,hässlich,csúnya,
1000 häufigsten Wörter,rutschig    glatt,csúszós,
1000 häufigsten Wörter,der Donnerstag    csütörtökön am Donnerstag,csütörtök,
1000 häufigsten Wörter,das Stück,darab,
1000 häufigsten Wörter,das Datum,dátum,
1000 häufigsten Wörter,aber,de,
1000 häufigsten Wörter,die Panne,defekt,
1000 häufigsten Wörter,der Mittag (napszak)    der Süden,dél,
1000 häufigsten Wörter,vormittags (határozó)    der Vormittag (főnév),délelőtt,
1000 häufigsten Wörter,nachmittags,délutánonként,
1000 häufigsten Wörter,der die Schüler in,diáklány,
1000 häufigsten Wörter,der die Student in,egyetemen tanul,
1000 häufigsten Wörter,der Schülerausweis    der Studentausweis,diákigazolvány,
1000 häufigsten Wörter,die Jugendherberge,diákszálló,
1000 häufigsten Wörter,das Tabakgeschäft,dohánybolt,
1000 häufigsten Wörter,rauchen    h.,dohányozni,
1000 häufigsten Wörter,arbeiten    h. - die Arbeit,dolgozni / munka,
1000 häufigsten Wörter,der die Arbeiter in,dolgozó nő,
1000 häufigsten Wörter,teuer,drága,
1000 häufigsten Wörter,doppel,dupla,
1000 häufigsten Wörter,das Mittagessen,ebéd,
1000 häufigsten Wörter,(zu) Mittag essen,ebédel,
1000 häufigsten Wörter,der Topf,edény,
1000 häufigsten Wörter,süß,édes,
1000 häufigsten Wörter,Zum Wohl!,Egészségedre!,
1000 häufigsten Wörter,Zur Gesundheit!,tüsszentés,
1000 häufigsten Wörter,ganz (teljes)    komplett,egész,
1000 häufigsten Wörter,gesund,egészséges,
1000 häufigsten Wörter,brennen    brannte    h. gebrannt,ég,
1000 häufigsten Wörter,das Klima,éghajlat,
1000 häufigsten Wörter,eins (számnév),egy,
1000 häufigsten Wörter,ein    eine    ein (határozatlan névelő),egy,
1000 häufigsten Wörter,ein wenig,egy kevés,
1000 häufigsten Wörter,allein,egyedül,
1000 häufigsten Wörter,geradeaus,egyenesen,
1000 häufigsten Wörter,die Universität  (Uni),egyetem,
1000 häufigsten Wörter,ich bin einverstanden.,egyetértek,
1000 häufigsten Wörter,einmal - zweimal,egyszer kétszer,
1000 häufigsten Wörter,einfach,egyszerű,
1000 häufigsten Wörter,zusammen,együtt,
1000 häufigsten Wörter,hungrig,éhes,
1000 häufigsten Wörter,die Mitternacht,éjfél,
1000 häufigsten Wörter,die Nacht,éjszaka,
1000 häufigsten Wörter,weg-,el,
1000 häufigsten Wörter,verkaufen    h.,elad,
1000 häufigsten Wörter,der die Verkäufer in,eladónő,
1000 häufigsten Wörter,genug,elég,
1000 häufigsten Wörter,zufrieden,elégedett,
1000 häufigsten Wörter,das Lebensmittel,élelmiszer,
1000 häufigsten Wörter,die Batterie,elem,
1000 häufigsten Wörter,erreichen    h.,elérni,
1000 häufigsten Wörter,erledigen    h.,elintéz,
1000 häufigsten Wörter,scharf,éles,
1000 häufigsten Wörter,vergessen    vergaß    h. vergessen,elfelejteni,
1000 häufigsten Wörter,akzeptieren    h.,elfogadni,
1000 häufigsten Wörter,ab holen    h.,elhozni,
1000 häufigsten Wörter,an fangen    fing an    h. angefangen,elkezd,
1000 häufigsten Wörter,die Umleitung -  die - ung,elkerülő út,
1000 häufigsten Wörter,überprüfen    h.  kontrolieren    h.,ellenőriz,
1000 häufigsten Wörter,erklären    h.,elmagyaráz,
1000 häufigsten Wörter,sagen    h. (megmond)    erzählen h. (elmesél),elmond,
1000 häufigsten Wörter,Verzeihung!,Elnézést!,
1000 häufigsten Wörter,die Vorspeise,előétel,
1000 häufigsten Wörter,erste    zweite    dritte,első / második / harmadik,
1000 häufigsten Wörter,erste Hilfe,elsősegély,
1000 häufigsten Wörter,sich verirren    h.,eltéved,
1000 häufigsten Wörter,verbringen    verbracht    h. verbringen,eltölteni (időt),
1000 häufigsten Wörter,ab fahren    fuhr ab    i. abgefahren,elutazik,
1000 häufigsten Wörter,verlieren    verlor    h. verloren,elveszít,
1000 häufigsten Wörter,zum Mitnehmen,elvitelre,
1000 häufigsten Wörter,ab schleppen    schleppte... ab    h. abgeschleppt,elvontatni,
1000 häufigsten Wörter,die Leute,emberek,
1000 häufigsten Wörter,die Etage,emelet,
1000 häufigsten Wörter,sich errinern (an+Tárgy eset),emlékezik valamire,
1000 häufigsten Wörter,singen    sang    h. gesungen,énekelni,
1000 häufigsten Wörter,die Genehmigung,engedély,
1000 häufigsten Wörter,mich,engem,
1000 häufigsten Wörter,essen    aß    h. gegessen,enni,
1000 häufigsten Wörter,bauen    h.,épiteni,
1000 häufigsten Wörter,das Gebäude,épület,
1000 häufigsten Wörter,interressant,érdekes,
1000 häufigsten Wörter,ich interressiere mich,érdekel engem,
1000 häufigsten Wörter,der Wald - erdőbe=in den Wald,erdő,
1000 häufigsten Wörter,an kommen    kam ...an    i. gekommen,érkezik,
1000 häufigsten Wörter,stark,erős,
1000 häufigsten Wörter,wertvoll,értékes,
1000 häufigsten Wörter,verstehen    verstand    h. versrtehen,érteni,
1000 häufigsten Wörter,ich verstehe nicht,Nem értem,
1000 häufigsten Wörter,gültig von... bis..,érvényes tól..ig..,
1000 häufigsten Wörter,und,és,
1000 häufigsten Wörter,der Regenschirm,esernyő,
1000 häufigsten Wörter,der Regen,eső,
1000 häufigsten Wörter,der Regenmantel,esőkabát,
1000 häufigsten Wörter,der Nord,észak,
1000 häufigsten Wörter,das Gericht,étel,
1000 häufigsten Wörter,der Speisewagen,étkezőkocsi,
1000 häufigsten Wörter,die Speisekarte,étlap,
1000 häufigsten Wörter,das Restaurant,étterem,
1000 häufigsten Wörter,das Jahr,év,
1000 häufigsten Wörter,das Besteck,evőeszköz,
1000 häufigsten Wörter,jährlich pro Jahr,évente,
1000 häufigsten Wörter,das ist alles,ez minden,
1000 häufigsten Wörter,dies,ez,
1000 häufigsten Wörter,tausend,ezer,
1000 häufigsten Wörter,silber,ezüst,
1000 häufigsten Wörter,das Holz,fa (anyag),
1000 häufigsten Wörter,der Baum,fa,
1000 häufigsten Wörter,das Holzmaterial,faanyag,
1000 häufigsten Wörter,der Frost,fagy,
1000 häufigsten Wörter,das Eis,fagylalt,
1000 häufigsten Wörter,es tut weh,fáj,
1000 häufigsten Wörter,die Wand - falra=an die Wand,fal,
1000 häufigsten Wörter,falu,das Dorf,
1000 häufigsten Wörter,dörflich,falusi,
1000 häufigsten Wörter,fantastisch,fantasztikus,
1000 häufigsten Wörter,müde,fáradt,
1000 häufigsten Wörter,der Bauernhof,farm,
1000 häufigsten Wörter,weiß,fehér,
1000 häufigsten Wörter,der Kopf,fej,
1000 häufigsten Wörter,die Kopfschmerzen,fejfájás,
1000 häufigsten Wörter,die Bremse,fék,
1000 häufigsten Wörter,schwarz - Schwarzarbeit,fekete munka,
1000 häufigsten Wörter,liegen    lag    h. gelogen,fekszik,
1000 häufigsten Wörter,halb sieben,fél hét,
1000 häufigsten Wörter,die Frau,feleség,
1000 häufigsten Wörter,über,felett,
1000 häufigsten Wörter,auf schreiben    schrieb.. auf    aufgeschrieben,felírni,
1000 häufigsten Wörter,Angst haben,félni,
1000 häufigsten Wörter,ich habe Angst,félek,
1000 häufigsten Wörter,sich an ziehen,felöltözik,
1000 häufigsten Wörter,an probieren. probierte..an    h.anprobiert,felpróbál,
1000 häufigsten Wörter,das Missverständnis,félreértés,
1000 häufigsten Wörter,der Übergang,felüljáró,
1000 häufigsten Wörter,oben,fent,
1000 häufigsten Wörter,das Licht,fény,
1000 häufigsten Wörter,der Mann,férj/ férfi,
1000 häufigsten Wörter,malen    h.,fest,
1000 häufigsten Wörter,die Farbe,festék,
1000 häufigsten Wörter,der Sohn,fia (valakinek),
1000 häufigsten Wörter,jung,fiatal,
1000 häufigsten Wörter,der Junge,fiú,
1000 häufigsten Wörter,der Bruder - die Schwester,fiútestvér / leánytestvér,
1000 häufigsten Wörter,das Gehalt,fizetés,
1000 häufigsten Wörter,zahlen    h.,fizetni,
1000 häufigsten Wörter,der die Friseur in,fodrásznő,
1000 häufigsten Wörter,der Zahn,fog,
1000 häufigsten Wörter,die Zahnpasta,fogkrém,
1000 häufigsten Wörter,die Reservierung - reservieren    h.,foglalás,
1000 häufigsten Wörter,der Beruf,foglalkozás,
1000 häufigsten Wörter,reservieren    buchen    h.,foglalni,
1000 häufigsten Wörter,besetzt,foglalt,
1000 häufigsten Wörter,der Zahnarzt   die  Zahnärztin,fogorvosnő,
1000 häufigsten Wörter,das Grad (hőmérséklet),fok,
1000 häufigsten Wörter,fließend,folyékony,
1000 häufigsten Wörter,der Fluß - im Fluß,folyó folyóban,
1000 häufigsten Wörter,der Gang,folyosó,
1000 häufigsten Wörter,wichtig,fontos,
1000 häufigsten Wörter,übersetzen    h.,fordít,
1000 häufigsten Wörter,die Kraftfahrzeugzulassung,forgalmi engedély,
1000 häufigsten Wörter,der Verkehr (közlekedés),forgalom,
1000 häufigsten Wörter,heiß,forró,
1000 häufigsten Wörter,haupt,fő,
1000 häufigsten Wörter,der die Vermieter in,főbérlőnő,
1000 häufigsten Wörter,gekocht - gokochtes Ei,főtt tojás,
1000 häufigsten Wörter,die Hauptstraße,főútvonal,
1000 häufigsten Wörter,die Hauptstadt - in der Hauptstadt,főváros,
1000 häufigsten Wörter,kochen    h.,főzni,
1000 häufigsten Wörter,frisch - frisches Brot,friss kenyér,
1000 häufigsten Wörter,der Rasen,fű,
1000 häufigsten Wörter,der Vorhang,függöny,
1000 häufigsten Wörter,baden    h.,fürdeni,
1000 häufigsten Wörter,das Badezimmer,fürdőszoba,
1000 häufigsten Wörter,die Würze,fűszer,
1000 häufigsten Wörter,würzig,fűszeres,
1000 häufigsten Wörter,heizen    h.,fűt,
1000 häufigsten Wörter,die Heizung,fűtés,
1000 häufigsten Wörter,die Garantie,garancia,
1000 häufigsten Wörter,garantieren    h.,garantálni,
1000 häufigsten Wörter,die Garage,garázs,
1000 häufigsten Wörter,reich,gazdag,
1000 häufigsten Wörter,die Wirtschaft,gazdaság,
1000 häufigsten Wörter,das Kraftfahrzeug,gépjármű,
1000 häufigsten Wörter,der Kraftfahrer,gépjárművezető,
1000 häufigsten Wörter,der Hausverwalter,gondnok,
1000 häufigsten Wörter,sorgen    h.,gondoskodni,
1000 häufigsten Wörter,pflegen    h.,gondoz,
1000 häufigsten Wörter,die Grube,gödör,
1000 häufigsten Wörter,der Reifen,gumiabroncs,
1000 häufigsten Wörter,üben    h. - die Übung,gyakorolni  gyakorlat,
1000 häufigsten Wörter,oft,gyakran,
1000 häufigsten Wörter,zu Fuß,gyalog,
1000 häufigsten Wörter,schwach,gyenge,
1000 häufigsten Wörter,das Kind   die Kinder,gyerek/ gyerekek,
1000 häufigsten Wörter,das Medikament,gyógyszer,
1000 häufigsten Wörter,die Apotheke,gyógyszertár,
1000 häufigsten Wörter,das Heilwasser,gyógyvíz,
1000 häufigsten Wörter,schnell,gyors,
1000 häufigsten Wörter,der Schnellimbiss,gyorsbüfé,
1000 häufigsten Wörter,die Zündung,gyújtás,
1000 häufigsten Wörter,das Obst    die Frucht,gyümölcs,
1000 häufigsten Wörter,der Fruchtsaft,gyümölcslé,
1000 häufigsten Wörter,wenn,ha,
1000 häufigsten Wörter,bald,hamar,
1000 häufigsten Wörter,die Zwiebel,hagyma,
1000 häufigsten Wörter,das Haar,haj,
1000 häufigsten Wörter,das Schiff,hajó,
1000 häufigsten Wörter,hören    h.,hall,
1000 häufigsten Wörter,(valamit) hören    (nem beszél) schweigen    h.,hallgat,
1000 häufigsten Wörter,das Schlafzimmer,hálószoba,
1000 häufigsten Wörter,falsch,HAMIS,
1000 häufigsten Wörter,die Stimme,hang,
1000 häufigsten Wörter,laut,hangos,
1000 häufigsten Wörter,wie viel?,hány/ mennyi?,
1000 häufigsten Wörter,die Zange,harapófogó,
1000 häufigsten Wörter,die Strumpfhose,harisnyanadrág,
1000 häufigsten Wörter,dritte,harmadik,
1000 häufigsten Wörter,dreißig,harminc,
1000 häufigsten Wörter,drei,három,
1000 häufigsten Wörter,der Durchfall,hasmenés,
1000 häufigsten Wörter,benutzen,használni,
1000 häufigsten Wörter,gebraucht,használt,
1000 häufigsten Wörter,nützlich,hasznos,
1000 häufigsten Wörter,der Rücken,hát (testrész),
1000 häufigsten Wörter,sechs,hat,
1000 häufigsten Wörter,die Grenze,határ (ország),
1000 häufigsten Wörter,der Rucksack,hátizsák,
1000 häufigsten Wörter,sechzig,hatvan,
1000 häufigsten Wörter,schneien    h.,havazni,
1000 häufigsten Wörter,die Monatskarte,havi bérlet,
1000 häufigsten Wörter,pro Monat,havonta,
1000 häufigsten Wörter,nach Hause,haza,
1000 häufigsten Wörter,das Haus - im Haus,ház,
1000 häufigsten Wörter,verheiratet,házas,
1000 häufigsten Wörter,der Berg,hegy,
1000 häufigsten Wörter,der Gipfel,hegycsúcs,
1000 häufigsten Wörter,der Helikopter   sy. der Hubschrauber,helikopter,
1000 häufigsten Wörter,der Platz,hely,
1000 häufigsten Wörter,richtig,helyes,
1000 häufigsten Wörter,das ist richtig,ez igaz,
1000 häufigsten Wörter,statt,helyett,
1000 häufigsten Wörter,die Platzkarte,helyjegy (vonat),
1000 häufigsten Wörter,der Fleischer,hentes (foglalkozás),
1000 häufigsten Wörter,die Fleischerei,hentes (üzlet),
1000 häufigsten Wörter,die Woche,hét,
1000 häufigsten Wörter,sieben,hét (számnév),
1000 häufigsten Wörter,pro Woche,hetente,
1000 häufigsten Wörter,der Montag - am Montag,hétfő   hétfőn,
1000 häufigsten Wörter,die Wochenkarte,hetijegy,
1000 häufigsten Wörter,das Wochenende,hétvége,
1000 häufigsten Wörter,siebzig,hetven,
1000 häufigsten Wörter,der Fehler,hiba,
1000 häufigsten Wörter,die Brücke - über die Brücke,híd   át a hídon,
1000 häufigsten Wörter,kalt - kaltes Wasser,hideg   hideg víz,
1000 häufigsten Wörter,männlich,himnemű,
1000 häufigsten Wörter,glauben    h.,hinni,
1000 häufigsten Wörter,die Nachricht - gute schlechte Nachricht,hír   jó/rossz hír,
1000 häufigsten Wörter,berühmt,híres,
1000 häufigsten Wörter,das Darlehen,hitel,
1000 häufigsten Wörter,die Kreditkarte,hitelkártya,
1000 häufigsten Wörter,die Kreditwürdigkeit,hitelképesség,
1000 häufigsten Wörter,rufen    rief    h. gerufen,hivni,
1000 häufigsten Wörter,rufen Sie die Polizei!,hívja a rendőrséget!,
1000 häufigsten Wörter,ich rufe zurück!,visszahívom!,
1000 häufigsten Wörter,der Schnee,hó,
1000 häufigsten Wörter,wie?,hogyan?,
1000 häufigsten Wörter,wo?,hol?,
1000 häufigsten Wörter,morgen - morgen früh,holnap,
1000 häufigsten Wörter,der Sand,homok,
1000 häufigsten Wörter,der Monat - pro Monat,hónap,
1000 häufigsten Wörter,woher?,honnan?,
1000 häufigsten Wörter,tragen    trug    h. getragen,hordani,
1000 häufigsten Wörter,die Länge,hossz,
1000 häufigsten Wörter,lang - lange Zeit,hosszú idő,
1000 häufigsten Wörter,das Hotel - im Hotel,hotel,
1000 häufigsten Wörter,wohin?,hová?,
1000 häufigsten Wörter,bringen    brachte    h. gebracht,hozni / vinni,
1000 häufigsten Wörter,das Fleisch,hús,
1000 häufigsten Wörter,zwanzig,húsz,
1000 häufigsten Wörter,ziehen    zog    h. gezogen,húzni,
1000 häufigsten Wörter,der Kühlschrank,hűtőszekrény,
1000 häufigsten Wörter,die Zeit - kurze lange Zeit,idő,
1000 häufigsten Wörter,das Wetter,időjárás,
1000 häufigsten Wörter,der Termin,időpont,
1000 häufigsten Wörter,wahr,IGAZ,
1000 häufigsten Wörter,die Bescheinigung,igazolás,
1000 häufigsten Wörter,der Ausweis,igazolvány,
1000 häufigsten Wörter,die Toilette,illemhely,
1000 häufigsten Wörter,die Abfahrt,indulás (vonat),
1000 häufigsten Wörter,ab fahren    fuhr. ab    i. abgefahren,indulni (vonat),
1000 häufigsten Wörter,die Auskunft,információ,
1000 häufigsten Wörter,das Hemd,ing,
1000 häufigsten Wörter,frei    kostenlos,ingyenes,
1000 häufigsten Wörter,trinken    trank    h. getrunken,inni,
1000 häufigsten Wörter,die Richtung,irány,
1000 häufigsten Wörter,schriftlich,irásban,
1000 häufigsten Wörter,das Büro - im Büro,iroda,
1000 häufigsten Wörter,die Schule - in die Schule,iskola,
1000 häufigsten Wörter,wiederholen    h.,ismételni,
1000 häufigsten Wörter,das Trinkwasser,ivóvíz,
1000 häufigsten Wörter,der Geschmack,ízlés,
1000 häufigsten Wörter,der Muskel,izom,
1000 häufigsten Wörter,der Januar,január,
1000 häufigsten Wörter,das Fahrzeug,jármű,
1000 häufigsten Wörter,das Spiel,játék,
1000 häufigsten Wörter,spielen,játszani,
1000 häufigsten Wörter,vorschlagen    -schlug    h. -geschlagen,javasolni,
1000 häufigsten Wörter,reparieren    h.,javítani,
1000 häufigsten Wörter,das Eis,jég,
1000 häufigsten Wörter,der Fahrschein,jegy,
1000 häufigsten Wörter,die Eintrittskarte,belépőjegy,
1000 häufigsten Wörter,bedeuten    h.,jelenteni valamit,
1000 häufigsten Wörter,gut,jó,
1000 häufigsten Wörter,besser,jobb,
1000 häufigsten Wörter,recht,jobb (irány),
1000 häufigsten Wörter,rechts,jobbra,
1000 häufigsten Wörter,der Juli - im Juli,július,
1000 häufigsten Wörter,der Juni - im Juni,június,
1000 häufigsten Wörter,der Mantel,kabát,
1000 häufigsten Wörter,der Hut,kalap,
1000 häufigsten Wörter,der Hammer,kalapács,
1000 häufigsten Wörter,der Löffel,kanál,
1000 häufigsten Wörter,der Arm,kar,
1000 häufigsten Wörter,die Karte,kártya,
1000 häufigsten Wörter,die Kasse,kassza,
1000 häufigsten Wörter,der Kaffee,kávé,
1000 häufigsten Wörter,der Dienstag,kedd,
1000 häufigsten Wörter,nett -   liebe Mutter,kedves,
1000 häufigsten Wörter,die Bürste,kefe,
1000 häufigsten Wörter,blau,kék,
1000 häufigsten Wörter,der Ost,kelet,
1000 häufigsten Wörter,müssen    ich muß...,kell/ nekem.. kell,
1000 häufigsten Wörter,angenehm,kellemes,
1000 häufigsten Wörter,das Brot,kenyér,
1000 häufigsten Wörter,die Frage,kérdés,
1000 häufigsten Wörter,fragen    h.,kérdezni,
1000 häufigsten Wörter,rund,kerek,
1000 häufigsten Wörter,das Fahrrad,kerékpár,
1000 häufigsten Wörter,bitte,kérem,
1000 häufigsten Wörter,suchen    h.,keresni,
1000 häufigsten Wörter,durch,keresztül,
1000 häufigsten Wörter,der Garten,kert,
1000 häufigsten Wörter,das Messer,kés,
1000 häufigsten Wörter,die Verspätung,késés,
1000 häufigsten Wörter,fertig,kész,
1000 häufigsten Wörter,das Bargeld,készpénz,
1000 häufigsten Wörter,der Handschuh,kesztyű,
1000 häufigsten Wörter,zweimal,kétszer,
1000 häufigsten Wörter,zwei,kettő,
1000 häufigsten Wörter,wenig,kevés,
1000 häufigsten Wörter,weniger,kevesebb,
1000 häufigsten Wörter,der Hand,kéz,
1000 häufigsten Wörter,beginnen    begann    h. begonnen,kezdeni,
1000 häufigsten Wörter,der Anfänger,kezdő,
1000 häufigsten Wörter,wer,ki,
1000 häufigsten Wörter,klein,kicsi,
1000 häufigsten Wörter,aus sprechen    sprach aus    h. ausgesprochen,kiejteni,
1000 häufigsten Wörter,der Ausgang,kijárat,
1000 häufigsten Wörter,neun,kilenc,
1000 häufigsten Wörter,neunzig,kilencven,
1000 häufigsten Wörter,das Kilo,kilo,
1000 häufigsten Wörter,wessen..?,kinek a..?,
1000 häufigsten Wörter,auf schließen,kinyitni,
1000 häufigsten Wörter,der Ausflug,kirándulás,
1000 häufigsten Wörter,aus füllen    h.,kitölteni,
1000 häufigsten Wörter,wünschen    h.,kivánni,
1000 häufigsten Wörter,außer,kívül,
1000 häufigsten Wörter,die Wurst,kolbász,
1000 häufigsten Wörter,ernst,komoly,
1000 häufigsten Wörter,die Dose,konzerv,
1000 häufigsten Wörter,die Küche - in die Küche,konyha,
1000 häufigsten Wörter,früh,korán,
1000 häufigsten Wörter,das Krankenhaus,korház,
1000 häufigsten Wörter,neblig,ködös,
1000 häufigsten Wörter,das Darlehen,kölcsön,
1000 häufigsten Wörter,leicht,könnyű,
1000 häufigsten Wörter,das Buch,könyv,
1000 häufigsten Wörter,die Gegend,környék,
1000 häufigsten Wörter,etwa,körülbelül,
1000 häufigsten Wörter,danke,köszönöm,
1000 häufigsten Wörter,zwanglos,kötetlen,
1000 häufigsten Wörter,dick,kövér,
1000 häufigsten Wörter,nächste,következő,
1000 häufigsten Wörter,folgen,követni,
1000 häufigsten Wörter,nah,közel,
1000 häufigsten Wörter,der Verkehr,közlekedés,
1000 häufigsten Wörter,zwischen,között,
1000 häufigsten Wörter,die Kartoffeln,krumpli,
1000 häufigsten Wörter,der Schlüssel,kulcs,
1000 häufigsten Wörter,der Hund,kutya,
1000 häufigsten Wörter,schicken    h.,küldeni,
1000 häufigsten Wörter,getrennt,külön,
1000 häufigsten Wörter,das Bein,láb,
1000 häufigsten Wörter,die Wohnung,lakás,
1000 häufigsten Wörter,wohnen    h.,lakni,
1000 häufigsten Wörter,die Lampe,lámpa,
1000 häufigsten Wörter,das Mädchen,lány,
1000 häufigsten Wörter,langsam,lassan,
1000 häufigsten Wörter,sehen    sah    h. gesehen,látni,
1000 häufigsten Wörter,sein - ich werde sein,lenni,
1000 häufigsten Wörter,unten,lent,
1000 häufigsten Wörter,die Treppe,lépcső,
1000 häufigsten Wörter,die Luft,levegő,
1000 häufigsten Wörter,der Brief,levél,
1000 häufigsten Wörter,der Aufzug,lift,
1000 häufigsten Wörter,lila,lila,
1000 häufigsten Wörter,heute,ma,
1000 häufigsten Wörter,der Vogel,madár,
1000 häufigsten Wörter,groß,magas,
1000 häufigsten Wörter,fast,majdnem,
1000 häufigsten Wörter,der Mai,május,
1000 häufigsten Wörter,schon,már,
1000 häufigsten Wörter,bleiben    blieb    i. geblieben,maradni,
1000 häufigsten Wörter,der März,március,
1000 häufigsten Wörter,zweite,második,
1000 häufigsten Wörter,die Kopie,másolat,
1000 häufigsten Wörter,die Haltestelle,megálló,
1000 häufigsten Wörter,besuchen    h.,meglátogatni,
1000 häufigsten Wörter,warm,meleg,
1000 häufigsten Wörter,tief,mély,
1000 häufigsten Wörter,gehen    ging    i. gegangen,menni,
1000 häufigsten Wörter,die Größe,méret,
1000 häufigsten Wörter,weil,mert,
1000 häufigsten Wörter,weit,messze,
1000 häufigsten Wörter,was?,mi?,
1000 häufigsten Wörter,wir (személyes névmás),mi,
1000 häufigsten Wörter,alle,mind,
1000 häufigsten Wörter,immer,mindig,
1000 häufigsten Wörter,das Handy,mobil telefon,
1000 häufigsten Wörter,jetzt,most,
1000 häufigsten Wörter,das Kino,mozi,
1000 häufigsten Wörter,zeigen,mutat,
1000 häufigsten Wörter,funktionieren,müködni,
1000 häufigsten Wörter,die Hose,nadrág,
1000 häufigsten Wörter,groß,nagy,
1000 häufigsten Wörter,sehr,nagyon,
1000 häufigsten Wörter,die Größe,nagyság,
1000 häufigsten Wörter,die Sonne (égitest),nap,
1000 häufigsten Wörter,der Tag,nap,
1000 häufigsten Wörter,täglich    pro Tag,naponta,
1000 häufigsten Wörter,das Wohzimmer,nappali,
1000 häufigsten Wörter,die Orange,narancs,
1000 häufigsten Wörter,vier,négy,
1000 häufigsten Wörter,vierte,negyedik,
1000 häufigsten Wörter,vierzig,negyven,
1000 häufigsten Wörter,für uns,nekünk,
1000 häufigsten Wörter,ohne,nélkül,
1000 häufigsten Wörter,nein (mondat elején)    nicht (mondat közben),nem,
1000 häufigsten Wörter,deutsch,német,
1000 häufigsten Wörter,die Nation,nemzet,
1000 häufigsten Wörter,der Name,név,
1000 häufigsten Wörter,lachen    h.,nevetni,
1000 häufigsten Wörter,normal,normális,
1000 häufigsten Wörter,die Pflanze,növény,
1000 häufigsten Wörter,die Frau,nő,
1000 häufigsten Wörter,null,nulla,
1000 häufigsten Wörter,der Hals,nyak,
1000 häufigsten Wörter,der Sommer,nyár,
1000 häufigsten Wörter,die Sprache,nyelv,
1000 häufigsten Wörter,der Sprachkurs,nyelvtanfolyam,
1000 häufigsten Wörter,roh,nyers,
1000 häufigsten Wörter,öffnen,nyit,
1000 häufigsten Wörter,acht,nyolc,
1000 häufigsten Wörter,achtzig,nyolcvan,
1000 häufigsten Wörter,der West,nyugat,
1000 häufigsten Wörter,der die Rentner in,nyugdíjas,
1000 häufigsten Wörter,die Urkunde,oklevél,
1000 häufigsten Wörter,der Oktober,október,
1000 häufigsten Wörter,das Öl,olaj,
1000 häufigsten Wörter,billig,olcsó,
1000 häufigsten Wörter,die Seite,oldal,
1000 häufigsten Wörter,lesen    las    h. gelesen,olvasni,
1000 häufigsten Wörter,die Uhr,óra,
1000 häufigsten Wörter,die Nase,orr,
1000 häufigsten Wörter,das Land,ország,
1000 häufigsten Wörter,derArzt,orvos,
1000 häufigsten Wörter,die Medizin,orvosság,
1000 häufigsten Wörter,der die Österreicher in,férfi/nő,
1000 häufigsten Wörter,teilen    h.,osztani,
1000 häufigsten Wörter,seit,óta,
1000 häufigsten Wörter,dort,ott,
1000 häufigsten Wörter,die Altstadt,óváros,
1000 häufigsten Wörter,er sie es,ő (férfi/nő),
1000 häufigsten Wörter,sie,ők,
1000 häufigsten Wörter,der Anzug,öltöny,
1000 häufigsten Wörter,Sie,ön/ önök,
1000 häufigsten Wörter,der die Wächter in,őr,
1000 häufigsten Wörter,alt,öreg/ idős,
1000 häufigsten Wörter,sich freuen    ich freue mich,örülni/ örülök,
1000 häufigsten Wörter,der Herbst,ősz (évszak),
1000 häufigsten Wörter,fünf,öt,
1000 häufigsten Wörter,fünfte,ötödik,
1000 häufigsten Wörter,fünfzig,ötven,
1000 häufigsten Wörter,der Gürtel,öv,
1000 häufigsten Wörter,die derPatient in,páciens,
1000 häufigsten Wörter,der Bahnhof,pályaudvar,
1000 häufigsten Wörter,die Beschwerde,panasz,
1000 häufigsten Wörter,das Papier,papír,
1000 häufigsten Wörter,das Paar,pár,
1000 häufigsten Wörter,der Park,park,
1000 häufigsten Wörter,das Parking,parkolás,
1000 häufigsten Wörter,der Freitag,péntek,
1000 häufigsten Wörter,das Geld,pénz,
1000 häufigsten Wörter,die Wechselstube,pénzváltó,
1000 häufigsten Wörter,die Minute,perc,
1000 häufigsten Wörter,der Markt m,piac,
1000 häufigsten Wörter,der die Kellner in,pincér,
1000 häufigsten Wörter,schmutzig,piszkos,
1000 häufigsten Wörter,das Glas,pohár,
1000 häufigsten Wörter,die Post,posta,
1000 häufigsten Wörter,der Zuschlag,pótlék,
1000 häufigsten Wörter,der Pullover,pulóver,
1000 häufigsten Wörter,die Pumpe,pumpa,
1000 häufigsten Wörter,pumpen    h.,pumpálni,
1000 häufigsten Wörter,das Radio,rádió,
1000 häufigsten Wörter,die Rezeption,recepció,
1000 häufigsten Wörter,der Rezeptionist    die Rezeptionistin,recepciósnő,
1000 häufigsten Wörter,der Morgen     am Morgen,reggel,
1000 häufigsten Wörter,morgens,reggelente,
1000 häufigsten Wörter,das Frühstück - frühstücken,reggeli,
1000 häufigsten Wörter,in Ordnung,rendben,
1000 häufigsten Wörter,die Bestellung,rendelés,
1000 häufigsten Wörter,bestellen    h.,rendelni,
1000 häufigsten Wörter,die Polizei,rendőrség,
1000 häufigsten Wörter,der die Polizist in,rendőrnő,
1000 häufigsten Wörter,fliegen    flog    i. geflogen,repül,
1000 häufigsten Wörter,das Flugzeug,repülő,
1000 häufigsten Wörter,schlecht    falsch (hamis),rossz,
1000 häufigsten Wörter,sofort,rögtön,
1000 häufigsten Wörter,kurz,rövid,
1000 häufigsten Wörter,das Kleid,ruha,
1000 häufigsten Wörter,eigen-e,saját,
1000 häufigsten Wörter,es tut mir leid,sajnálom,
1000 häufigsten Wörter,leider,sajnos,
1000 häufigsten Wörter,der Käse,sajt,
1000 häufigsten Wörter,die Mütze,sapka,
1000 häufigsten Wörter,gelb,sárga,
1000 häufigsten Wörter,die Ecke,sarok,
1000 häufigsten Wörter,die Geschwindigkeitsbegrenzung,sebességkorlátozás,
1000 häufigsten Wörter,helfen    half    h. geholfen,segíteni,
1000 häufigsten Wörter,nichts,semmi,
1000 häufigsten Wörter,niemand,senki,
1000 häufigsten Wörter,verletzt,sérült,
1000 häufigsten Wörter,spazieren    h.,sétálni,
1000 häufigsten Wörter,das Salz,só,
1000 häufigsten Wörter,nie,soha,
1000 häufigsten Wörter,viel,sok,
1000 häufigsten Wörter,das Bier,sör,
1000 häufigsten Wörter,dunkel,sötét,
1000 häufigsten Wörter,dringend,sürgősen,
1000 häufigsten Wörter,frei,szabad,
1000 häufigsten Wörter,die Freizeit,szabadidő,
1000 häufigsten Wörter,der Urlaub,szabadság,
1000 häufigsten Wörter,der Mund,száj,
1000 häufigsten Wörter,der Koch    die Köchin,szakácsnő,
1000 häufigsten Wörter,liefern    h.,szállítani,
1000 häufigsten Wörter,die Nummer,szám,
1000 häufigsten Wörter,die Rechnung,számla,
1000 häufigsten Wörter,die Seife,szappan,
1000 häufigsten Wörter,trocken,száraz,
1000 häufigsten Wörter,hundert,száz,
1000 häufigsten Wörter,der Stuhl,szék,
1000 häufigsten Wörter,weit,széles,
1000 häufigsten Wörter,das Auge,szem,
1000 häufigsten Wörter,gegenüber,szemben,
1000 häufigsten Wörter,die Brille,szemüveg,
1000 häufigsten Wörter,schön,szép,
1000 häufigsten Wörter,der September,szeptember,
1000 häufigsten Wörter,der Mittwoch,szerda,
1000 häufigsten Wörter,ich möchte    du möchtest,szeretne,
1000 häufigsten Wörter,die Farbe,szín,
1000 häufigsten Wörter,das Theater,színház,
1000 häufigsten Wörter,das Herz n,szív,
1000 häufigsten Wörter,das Zimmer,szoba,
1000 häufigsten Wörter,das Zimmermädchen,szobalány,
1000 häufigsten Wörter,der Samstag,szombat,
1000 häufigsten Wörter,durstig,szomjas,
1000 häufigsten Wörter,der die Nachbar in,szomszédnő,
1000 häufigsten Wörter,das Wörterbuch,szótár,
1000 häufigsten Wörter,eng,szűk,
1000 häufigsten Wörter,nötig    ich brauche,szükséges/ szükségem van,
1000 häufigsten Wörter,die Eltern,szülők,
1000 häufigsten Wörter,die Ferien  (iskolai) Pause,szünet,
1000 häufigsten Wörter,grau,szürke,
1000 häufigsten Wörter,die Decke,takaró,
1000 häufigsten Wörter,sich treffen    traf    h. getroffen,találkozni,
1000 häufigsten Wörter,finden    fand    h. gefunden,találni,
1000 häufigsten Wörter,vielleicht,talán,
1000 häufigsten Wörter,der die Lehrer in,tanárnő,
1000 häufigsten Wörter,der Tanz,tánc,
1000 häufigsten Wörter,lernen    h.,tanulni,
1000 häufigsten Wörter,der Teller,tányér,
1000 häufigsten Wörter,die Tasche,táska,
1000 häufigsten Wörter,der Frühling,tavasz,
1000 häufigsten Wörter,der Tee,tea,
1000 häufigsten Wörter,gestern,tegnap,
1000 häufigsten Wörter,die Milch,tej,
1000 häufigsten Wörter,der Winter,tél,
1000 häufigsten Wörter,voll,teli,
1000 häufigsten Wörter,ganz,teljesen,
1000 häufigsten Wörter,die Kirche,templom,
1000 häufigsten Wörter,das Meer,tenger,
1000 häufigsten Wörter,das Knie,térd,
1000 häufigsten Wörter,die Karte,térkép,
1000 häufigsten Wörter,natürlich    freilich,persze,
1000 häufigsten Wörter,wie bitte?,tessék?,
1000 häufigsten Wörter,der Körper,test,
1000 häufigsten Wörter,die Schwester (lány)   der Bruder (fiú),lánytestvér,
1000 häufigsten Wörter,das Dach,tető,
1000 häufigsten Wörter,dein...,tied,
1000 häufigsten Wörter,sauber,tiszta,
1000 häufigsten Wörter,zehn,tíz,
1000 häufigsten Wörter,elf,tizenegy,
1000 häufigsten Wörter,zwölf,tizenkettő,
1000 häufigsten Wörter,der See,tó,
1000 häufigsten Wörter,das Ei,tojás,
1000 häufigsten Wörter,mehr,több,
1000 häufigsten Wörter,das Handtuch,törülköző,
1000 häufigsten Wörter,der die Besitzer in,tulajdonosnő,
1000 häufigsten Wörter,die Nadel,tű,
1000 häufigsten Wörter,der Spiegel,tükör,
1000 häufigsten Wörter,das Feuer,tűz,
1000 häufigsten Wörter,neu,új,
1000 häufigsten Wörter,der Finger,ujj,
1000 häufigsten Wörter,langweilig,unalmas,
1000 häufigsten Wörter,der Herr,úr,
1000 häufigsten Wörter,schwimmen    schwamm    i. geschwommen,úszni,
1000 häufigsten Wörter,der Weg,út,
1000 häufigsten Wörter,nach,után,
1000 häufigsten Wörter,der Passagier,utas,
1000 häufigsten Wörter,die Fahrt,utazás,
1000 häufigsten Wörter,fahren    fuhr    i. gefahren,járművel utazni,
1000 häufigsten Wörter,die Strasse,utca,
1000 häufigsten Wörter,der Pass,útlevél,
1000 häufigsten Wörter,letzte,utolsó,
1000 häufigsten Wörter,wilkommen    h.,üdvözölni,
1000 häufigsten Wörter,der Anwalt,ügyvéd,
1000 häufigsten Wörter,sitzen    saß    h. gesessen,ülni,
1000 häufigsten Wörter,leer,üres,
1000 häufigsten Wörter,die Flasche,üveg,
1000 häufigsten Wörter,das Geschäft,üzlet,
1000 häufigsten Wörter,das Abendessen,vacsora,
1000 häufigsten Wörter,zu Abendessen,vacsorázni,
1000 häufigsten Wörter,oder,vagy,
1000 häufigsten Wörter,die Butter,vaj,
1000 häufigsten Wörter,mit,-val -vel,
1000 häufigsten Wörter,jemand,valaki,
1000 häufigsten Wörter,etwas,valami,
1000 häufigsten Wörter,die Religion,vallás,
1000 häufigsten Wörter,wahrscheinlich,valószínűleg,
1000 häufigsten Wörter,warten    h.,várni,
1000 häufigsten Wörter,die Stadt,város,
1000 häufigsten Wörter,der Sonntag,vasárnap,
1000 häufigsten Wörter,kaufen    h.,vásárolni,
1000 häufigsten Wörter,die Eisenbahn,vasút,
1000 häufigsten Wörter,das Ende,vége,
1000 häufigsten Wörter,dünn,vékony,
1000 häufigsten Wörter,mit uns,velünk,
1000 häufigsten Wörter,gefährlich,veszélyes,
1000 häufigsten Wörter,lenken    leiten (intézményt,járművet vezetni,
1000 häufigsten Wörter,der die Lenker in,járművezető nő,
1000 häufigsten Wörter,lustig,vidám,
1000 häufigsten Wörter,hell,világos,
1000 häufigsten Wörter,tragen    trug    h. getragen,vinni,
1000 häufigsten Wörter,die Blume,virág,
1000 häufigsten Wörter,auf Wiedersehen!,viszontlátásra!,
1000 häufigsten Wörter,zurück kommen,visszajönni,
1000 häufigsten Wörter,das Wasser,víz,
1000 häufigsten Wörter,der Zug,vonat,
1000 häufigsten Wörter,das Tal,völgy,
1000 häufigsten Wörter,das Jacket,zakó,
1000 häufigsten Wörter,schließ    schloß    h. geschlossen,zárni,
1000 häufigsten Wörter,geschlossen,zárva,
1000 häufigsten Wörter,stören    h.,zavarni,
1000 häufigsten Wörter,die Musik,zene,
1000 häufigsten Wörter,die Socken,zokni,
1000 häufigsten Wörter,grün,zöld,
1000 häufigsten Wörter,das Gemüse,zöldség,
1000 häufigsten Wörter,die Dusche,zuhany,
1000 häufigsten Wörter,das Taschentuch,zsebkendő,
1000 häufigsten Wörter,das Brötchen     die Semmel (osztrák),zsemle,
1000 häufigsten Wörter,das Fett,zsír,
1000 häufigsten Wörter,fettarm,zsírszegény,
1000 häufigsten Wörter,wann?,Mikor?,
1000 häufigsten Wörter,am Tage,nappal,
1000 häufigsten Wörter,nachts,éjjel,
1000 häufigsten Wörter,früh ()morgens),korán reggel,
1000 häufigsten Wörter,morgens,reggel,
1000 häufigsten Wörter,vormittags,délelőtt,
1000 häufigsten Wörter,mittags,délben,
1000 häufigsten Wörter,nachmittags,délután,
1000 häufigsten Wörter,abends,este,
1000 häufigsten Wörter,um Mitternacht,éjfélkor,
1000 häufigsten Wörter,nach Mitternacht,éjfél után,
1000 häufigsten Wörter,täglich,naponta,
1000 häufigsten Wörter,jeden Tag,minden nap,
1000 häufigsten Wörter,jeden Abend,minden este,
1000 häufigsten Wörter,heute,ma,
1000 häufigsten Wörter,morgen,holnap,
1000 häufigsten Wörter,gestern,tegnap,
1000 häufigsten Wörter,vorgestern,tegnapelőtt,
1000 häufigsten Wörter,übermorgen,holnapután,
1000 häufigsten Wörter,immer,mindig,
1000 häufigsten Wörter,vor Freitag,péntek előtt,
1000 häufigsten Wörter,bis morgen,holnapig,
1000 häufigsten Wörter,während des Sommers,nyáron,
1000 häufigsten Wörter,jede Woche,minden héten,
1000 häufigsten Wörter,sofort,azonnal,
1000 häufigsten Wörter,nie,soha,
1000 häufigsten Wörter,noch nicht,még nem,
1000 häufigsten Wörter,jetzt,most,
1000 häufigsten Wörter,oft,gyakran,
1000 häufigsten Wörter,an Werktagen,hétköznapokon,
1000 häufigsten Wörter,eimal in der Woche,hetente egyszer,
1000 häufigsten Wörter,manchmal,néha,
1000 häufigsten Wörter,bald,hamarosan,
1000 häufigsten Wörter,dann,akkor,
1000 häufigsten Wörter,innerhalb von zwei Tagen,két napon belül,
1000 häufigsten Wörter,voriges Jahr,tavaly,
1000 häufigsten Wörter,nächstes Jahr,jövőre,
1000 häufigsten Wörter,im letzten Jahr,a múlt évben,
1000 häufigsten Wörter,im nächsten Jahr,a jövő évben,
1000 häufigsten Wörter,in 8 Tagen,egy hét múlva,
1000 häufigsten Wörter,in 14 Tagen,két hét múlva,
1000 häufigsten Wörter,seit einer Woche,egy hét óta,
1000 häufigsten Wörter,in zwei Monaten,két hónap múlva,
1000 häufigsten Wörter,vor einem Jahr,egy évvel ezelőtt,
1000 häufigsten Wörter,bald,nemsokára,
1000 häufigsten Wörter,vor kurzem,nemrég,
1000 häufigsten Wörter,während..,folyamán..,
1000 häufigsten Wörter,während des Jahres,az év folyamán,
1000 häufigsten Wörter,während eines Monats,egy hónap alatt,
1000 häufigsten Wörter,Den wievielten haben wir heute?,Hányadika van ma?,
1000 häufigsten Wörter,der 1. Februar,február elseje,
1000 häufigsten Wörter,am 14. März,március 14. én,
1000 häufigsten Wörter,Ich reise am 4. Juni ab.,Június 4-én elutazom,
1000 häufigsten Wörter,in dieser Woche,ezen a héten,
1000 häufigsten Wörter,Heute ist der 20.,Ma huszadika van.,
1000 häufigsten Wörter,den 8. August,augusztus 8. án,
1000 häufigsten Wörter,am 3. dieses Monats,folyó hó harmadikán,
1000 häufigsten Wörter,in diesem Monat,ebben a hónapban,
1000 häufigsten Wörter,vom zweiten Juli,julius 2. tól,
1000 häufigsten Wörter,bis zum zweiten,másodikáig,
1000 häufigsten Wörter,um den zweiten,másodika felé,
1000 häufigsten Wörter,vor dem zweiten,másodika előtt,
1000 häufigsten Wörter,nach dem zweten,másodika után,
1000 häufigsten Wörter,Wann ist dein Geburtstag?,Mikor van a születésnapod?,
1000 häufigsten Wörter,zu Neujahr,ujévkor,
1000 häufigsten Wörter,zu Ostern,húsvétkor,
1000 häufigsten Wörter,zu Weihnachten,karácsonykor,
1000 häufigsten Wörter,zu Silvester,szilveszterkor,
1000 häufigsten Wörter,ab und zu,hébe hóba,
essen und trinken,der Salz,só,
essen und trinken,der Pfeffer,bors,
essen und trinken,der Zucker,cukor,
essen und trinken,der Honig,méz,
essen und trinken,die Butter,vaj,
essen und trinken,die Milch,tej,
essen und trinken,der Käse,sajt,
essen und trinken,das Ei,tojás,
essen und trinken,das Brot,kenyér,
essen und trinken,das Brötchen,zsemle,
essen und trinken,der Kuchen,kalács,
essen und trinken,die Torte,torta,
essen und trinken,der Lebkuchen,mézeskalács,
essen und trinken,die Schokolade,csokoládé,
essen und trinken,das Bonbon,cukorka,
essen und trinken,der Kaugummi,rágógumi,
essen und trinken,der Keks,sütemény,
essen und trinken,die Nudeln,tészta,
essen und trinken,der Reis,rizs,
essen und trinken,die Kartoffel,burgonya,
essen und trinken,der Salat,saláta,
essen und trinken,die Tomate,paradicsom,
essen und trinken,die Gurke,uborka,
essen und trinken,die Karotte,répa,
essen und trinken,die Zwiebel,hagyma,
essen und trinken,der Knoblauch,fokhagyma,
essen und trinken,die Paprika,paprika,
essen und trinken,der Kohl,káposzta,
essen und trinken,der Apfel,alma,
essen und trinken,die Banane,banán,
essen und trinken,die Orange,narancs,
essen und trinken,die Zitrone,citrom,
essen und trinken,die Erdbeere,eper,
essen und trinken,die Traube,szőlő,
essen und trinken,die Melone,dinnye,
essen und trinken,der Pfirsich,barack,
essen und trinken,die Kirsche,cseresznye,
essen und trinken,die Sauerkirsche,meggy,
essen und trinken,die Birne,körte,
essen und trinken,die Pflaume,szilva,
essen und trinken,die Himbeere,málna,
essen und trinken,die Heidelbeere,áfonya,
essen und trinken,der Kaffee,kávé,
essen und trinken,der Tee,tea,
essen und trinken,das Wasser,víz,
essen und trinken,die Limonade,üdítő,
essen und trinken,der Saft,lé,
essen und trinken,das Bier,sör,
essen und trinken,der Wein,bor,
essen und trinken,der Schnaps,pálinka,
essen und trinken,der Sekt,pezsgő,
essen und trinken,das Getränk,ital,
essen und trinken,das Essen,étel,
essen und trinken,das Frühstück,reggeli,
essen und trinken,das Mittagessen,ebéd,
essen und trinken,das Abendessen,vacsora,
essen und trinken,der Imbiss,uzsonna,
essen und trinken,die Speisekarte,menü,
essen und trinken,das Rezept,recept,
essen und trinken,der Laden,bolt,
essen und trinken,der Markt,piac,
essen und trinken,der Verkäufer,árus,
essen und trinken,der Käufer,vásárló,
essen und trinken,die Kasse,pénztár,
essen und trinken,der Korb,kosár,
essen und trinken,die Tüte,zacskó,
essen und trinken,die Dose,doboz,
essen und trinken,die Flasche,üveg,
essen und trinken,die Packung,csomag,
essen und trinken,das Kilogramm,kilogramm,
essen und trinken,das Gramm,gramm,
essen und trinken,der Liter,liter,
essen und trinken,das Deka,deka,
essen und trinken,das Stück,darab,
essen und trinken,die Scheibe,szelet,
essen und trinken,kosten,kóstol,
essen und trinken,bezahlen,fizet,
essen und trinken,kaufen,venni,
farben,rot,piros,
farben,blau,kék,
farben,grün,zöld,
farben,braun,barna,
farben,gelb,sárga,
farben,orange,narancssárga,
farben,rosa,rózsaszín,
farben,lila,lila,
farben,weiß,fehér,
farben,schwarz,fekete,
hause,das Fenster,ablak,
hause,das Bett,ágy,
hause,die Tür,ajtó,
hause,die Wand,fal,
hause,der Vorhang,függöny,
hause,der Fußmatte,lábtörlő,
hause,das Dach,háztető,
hause,der Schornstein,kémény,
hause,die Treppe,lépcső,
hause,das Stockwerk,emelet,
hause,die Keller,pince,
hause,der Dachboden,tetőtér,
hause,das Etagenbett,emeletes ágy,
hause,die Küche,konyha,
hause,das Badezimmer,fürdőszoba,
hause,das Wohnzimmer,nappali,
hause,das Schlafzimmer,hálószoba,
hause,die Diele,előszoba,
hause,der Schlüssel,kulcs,
hause,das Türschloss,ajtózár,
hause,der Teppich,szőnyeg,
hause,das Tischtuch,abrosz,
hause,die Serviette,szalvéta,
hause,der Löffel,kanál,
hause,das Messer,kés,
hause,die Villa,villa,
hause,der Teller,tányér,
hause,der Topf,lábos,
hause,die Pfanne,serpenyő,
hause,die Teps,tepsi,
hause,der Geschirrspüler,mosogatógép,
hause,der Schwamm,szivacs,
hause,der Schöpflöffel,merőkanál,
hause,das Gewürz,fűszer,
hause,der Esstisch,étkező asztal,
hause,die Wanduhr,falióra,
hause,der Küchenschrank,konyhaszekrény,
hause,der Kühlschrank,hűtőszekrény,
hause,der Dunstabzug,szagelszívó,
hause,der Küchenroboter,robotgép,
hause,der Ofen,sütő,
hause,der Holzlöffel,fakanál,
hause,der Kleiderbügel,ruhafogas,
hause,der Brotkasten,cipőtartó,
hause,der Regenschirm,esernyő,
hause,der Spiegel,tükör,
hause,die Lampe,lámpa,
hause,der Schlüsselanhänger,kulcstartó,
hause,das Waschbecken,mosdókagyló,
hause,das WC,wc,
hause,die Dusche,zuhanyzó,
hause,die Badewanne,kád,
hause,das Handtuch,törülköző,
hause,die Zahnbürste,fogkefe,
hause,die Zahnpasta,fogkrém,
hause,die Seife,szappan,
hause,das Shampoo,sampon,
hause,der Haarbalsam,hajbalzsam,
hause,der Kamm,fésű,
hause,der Haartrockner,hajszárító,
hause,der Wäschekorb,szennyeskosár,
hause,das Bidet,bidé,
hause,der Fernseher,televízió,
hause,das Radio,rádió,
hause,die Couch,kanapé,
hause,der Couchtisch,dohányzóasztal,
hause,das Wandbild,falikép,
hause,der Kronleuchter,csillár,
hause,der Barwagen,bárszekrény,
hause,der Schrank,szekrény,
hause,die Kommode,komód,
hause,das Kissen,párna,
hause,die Decke,takaró,
hause,das Bettlaken,lepedő,
hause,der Nachttisch,éjjeliszekrény,
hause,die Schublade,fiók,
hause,der Garten,kert,
hause,der Rasenmäher,fűnyíró,
hause,der Baum,fa,
hause,der Busch,bokor,
hause,der Vogel,madár,
hause,die Gießkanne,locsolókanna,
hause,der Schlauch,slag,
hause,der Bürgersteig,járda,
hause,der Kamin,kandalló,
körper,der Kopf,fej,
körper,der Hals,nyak,
körper,die Schulter,váll,
körper,der Arm,kar,
körper,die Hand,kéz,
körper,der Finger,ujj,
körper,die Brust,mellkas,
körper,der Bauch,has,
körper,das Bein,láb,
körper,das Knie,térd,
körper,der Knöchel,boka,
körper,das Ohr,fül,
körper,das Auge,szem,
körper,die Nase,orr,
körper,der Mund,száj,
körper,die Zähne,fogak,
körper,die Zunge,nyelv,
körper,das Haar,haj,
körper,die Haut,bőr,
körper,die Augenbraue,szemöldök,
körper,die Wimpern,szempilla,
körper,der Ellenbogen,könyök,
körper,das Handgelenk,csukló,
körper,die Handfläche,tenyér,
körper,der Daumen,hüvelykujj,
körper,der Ringfinger,gyűrűsujj,
körper,der kleine Finger,kisujj,
körper,die Achselhöhle,hónalj,
körper,der Rücken,hát,
körper,der Hintern,fenék,
körper,die Lunge,tüdő,
körper,das Herz,szív,
körper,der Magen,gyomor,
körper,die Hüfte,csípő,
körper,der Oberschenkel,comb,
körper,der Unterschenkel,lábszár,
körper,die Wade,vádli,
körper,die Fußsohle,talp,
körper,die Zehen,lábujjak,
körper,der Hals,torok,
tiere,der Hase,nyúl,
tiere,der Hund,kutya,
tiere,die Katze,macska,
tiere,das Pferd,ló,
tiere,die Maus,egér,
tiere,die Ente,kacsa,
tiere,die Henne,csirke,
tiere,der Hahn,kakas,
tiere,die Ameise,hangya,
tiere,das Schwein,malac,
tiere,die Kuh,tehén,
tiere,der Stier,bika,
tiere,das Schaf,juh,
tiere,das Lamm,bárány,
tiere,die Ziege,kecske,
tiere,der Elefant,elefánt,
tiere,der Löwe,oroszlán,
tiere,der Tiger,tigris,
tiere,der Bär,medve,
tiere,der Wolf,farkas,
tiere,der Fuchs,róka,
tiere,die Qualle,medúza,
tiere,der Fisch,hal,
tiere,der Hai,cápa,
tiere,der Delfin,delfin,
tiere,der Wal,bálna,
tiere,der Pinguin,pingvin,
tiere,das Krokodil,krokodil,
tiere,die Schildkröte,teknős,
tiere,der Frosch,béka,
tiere,der Vogel,madár,
tiere,der Papagei,papagáj,
tiere,die Taube,galamb,
tiere,die Möwe,sirály,
tiere,die Schwalbe,fecske,
tiere,die Eule,bagoly,
tiere,die Spinne,pók,
tiere,die Fliege,légy,
tiere,der Schmetterling,pillangó,
tiere,die Biene,méh,
tiere,die Mücke,szúnyog,
tiere,die Kakerlake,csótány,
tiere,der Igel,sün,
tiere,die Vogelscheuche,madárijesztő,
tiere,das Nest,fészek,
tiere,das Fell,szőr,
tiere,das Pelz,bunda,
tiere,das Horn,szarv,
tiere,der Huf,patkó,
tiere,der Flügel,szárny,
tiere,der Schwanz,farok,
tiere,die Krallen,karmok,
tiere,die Klaue,agyar,
zahlen,null,nulla,
zahlen,eins,egy,
zahlen,zwei,kettő,
zahlen,drei,három,
zahlen,vier,négy,
zahlen,fünf,öt,
zahlen,sechs,hat,
zahlen,sieben,hét,
zahlen,acht,nyolc,
zahlen,neun,kilenc,
zahlen,zehn,tíz,
zahlen,elf,tizenegy,
zahlen,zwölf,tizenkettő,
zahlen,dreizehn,tizenhárom,
zahlen,vierzehn,tizennégy,
zahlen,fünfzehn,tizenöt,
zahlen,sechzehn,tizenhat,
zahlen,siebzehn,tizenhét,
zahlen,achtzehn,tizennyolc,
zahlen,neunzehn,tizenkilenc,
zahlen,zwanzig,húsz,
zahlen,dreißig,harminc,
zahlen,vierzig,negyven,
zahlen,fünfzig,ötven,
zahlen,sechzig,hatvan,
zahlen,siebzig,hetven,
zahlen,achtzig,nyolcvan,
zahlen,neunzig,kilencven,
zahlen,hundert,száz,
zahlen,tausend,ezer,