<img src="https://st5.depositphotos.com/19645534/70496/i/380/depositphotos_704960408-stock-photo-concept-photo-coming-soon-write.jpg"><br>elülső,<img src="https://st5.depositphotos.com/19645534/70496/i/380/depositphotos_704960408-stock-photo-concept-photo-coming-soon-write.jpg"><br>front
<img src="https://st5.depositphotos.com/19645534/70496/i/380/depositphotos_704960408-stock-photo-concept-photo-coming-soon-write.jpg"><br>leszid,<img src="https://st5.depositphotos.com/19645534/70496/i/380/depositphotos_704960408-stock-photo-concept-photo-coming-soon-write.jpg"><br>tell off
<img src="https://st5.depositphotos.com/19645534/70496/i/380/depositphotos_704960408-stock-photo-concept-photo-coming-soon-write.jpg"><br>felébred,<img src="https://st5.depositphotos.com/19645534/70496/i/380/depositphotos_704960408-stock-photo-concept-photo-coming-soon-write.jpg"><br>wake up
<img src="https://st5.depositphotos.com/19645534/70496/i/380/depositphotos_704960408-stock-photo-concept-photo-coming-soon-write.jpg"><br>ősi,<img src="https://st5.depositphotos.com/19645534/70496/i/380/depositphotos_704960408-stock-photo-concept-photo-coming-soon-write.jpg"><br>ancient
<img src="https://static4.depositphotos.com/1009043/363/i/380/depositphotos_3631696-stock-photo-ruins-of-rabi-castle.jpg"><br>vár,<img src="https://static4.depositphotos.com/1009043/363/i/380/depositphotos_3631696-stock-photo-ruins-of-rabi-castle.jpg"><br>castle
<img src="https://st5.depositphotos.com/19645534/70496/i/380/depositphotos_704960408-stock-photo-concept-photo-coming-soon-write.jpg"><br>magányos,<img src="https://st5.depositphotos.com/19645534/70496/i/380/depositphotos_704960408-stock-photo-concept-photo-coming-soon-write.jpg"><br>loneley
<img src="https://st5.depositphotos.com/19645534/70496/i/380/depositphotos_704960408-stock-photo-concept-photo-coming-soon-write.jpg"><br>titkos,<img src="https://st5.depositphotos.com/19645534/70496/i/380/depositphotos_704960408-stock-photo-concept-photo-coming-soon-write.jpg"><br>secret
<img src="https://st5.depositphotos.com/19645534/70496/i/380/depositphotos_704960408-stock-photo-concept-photo-coming-soon-write.jpg"><br>boldogtalan,<img src="https://st5.depositphotos.com/19645534/70496/i/380/depositphotos_704960408-stock-photo-concept-photo-coming-soon-write.jpg"><br>unhappy
<img src="https://st5.depositphotos.com/3917667/67113/i/380/depositphotos_671137234-stock-photo-friends-teens-taking-selfie-meeting.jpg"><br>fiatal,<img src="https://st5.depositphotos.com/3917667/67113/i/380/depositphotos_671137234-stock-photo-friends-teens-taking-selfie-meeting.jpg"><br>young
<img src="https://st3.depositphotos.com/20363444/33847/i/380/depositphotos_338470236-stock-photo-smart-kid-touching-glasses-standing.jpg"><br>okos,<img src="https://st3.depositphotos.com/20363444/33847/i/380/depositphotos_338470236-stock-photo-smart-kid-touching-glasses-standing.jpg"><br>clever
<img src="https://st5.depositphotos.com/19645534/70496/i/380/depositphotos_704960408-stock-photo-concept-photo-coming-soon-write.jpg"><br>táncos,<img src="https://st5.depositphotos.com/19645534/70496/i/380/depositphotos_704960408-stock-photo-concept-photo-coming-soon-write.jpg"><br>dancer
<img src="https://st2.depositphotos.com/1022999/5235/i/380/depositphotos_52356329-stock-photo-crowd.jpg"><br>tömeg,<img src="https://st2.depositphotos.com/1022999/5235/i/380/depositphotos_52356329-stock-photo-crowd.jpg"><br>crowd
<img src="https://st5.depositphotos.com/3357017/66794/i/380/depositphotos_667949046-stock-photo-business-presentation-template-advertising-goods.jpg"><br>szórólap,<img src="https://st5.depositphotos.com/3357017/66794/i/380/depositphotos_667949046-stock-photo-business-presentation-template-advertising-goods.jpg"><br>leaflet