<img src="https://st5.depositphotos.com/89679364/74098/v/450/depositphotos_740980462-stock-illustration-man-vector-logo-icon-man.jpg"><br>fej,<img src="https://st5.depositphotos.com/89679364/74098/v/450/depositphotos_740980462-stock-illustration-man-vector-logo-icon-man.jpg"><br>head
<img src="https://st2.depositphotos.com/3018987/12331/i/380/depositphotos_123315276-stock-photo-3d-illustration-of-cervical-spine.jpg"><br>nyak,<img src="https://st2.depositphotos.com/3018987/12331/i/380/depositphotos_123315276-stock-photo-3d-illustration-of-cervical-spine.jpg"><br>neck
<img src="https://st2.depositphotos.com/1491329/5222/i/450/depositphotos_52222121-stock-photo-girl-with-blonde-hair.jpg"><br>haj,<img src="https://st2.depositphotos.com/1491329/5222/i/450/depositphotos_52222121-stock-photo-girl-with-blonde-hair.jpg"><br>hair
<img src="https://st3.depositphotos.com/20363444/32298/i/450/depositphotos_322980282-stock-photo-cropped-view-man-looking-camera.jpg"><br>szem,<img src="https://st3.depositphotos.com/20363444/32298/i/450/depositphotos_322980282-stock-photo-cropped-view-man-looking-camera.jpg"><br>eye
<img src="https://st4.depositphotos.com/2398103/21426/v/450/depositphotos_214267252-stock-illustration-vector-illustration-nose-white-background.jpg"><br>orr,<img src="https://st4.depositphotos.com/2398103/21426/v/450/depositphotos_214267252-stock-illustration-vector-illustration-nose-white-background.jpg"><br>nose
<img src="https://static4.depositphotos.com/1000162/304/i/380/depositphotos_3040039-stock-photo-beautiful-young-smiling-woman.jpg"><br>száj,<img src="https://static4.depositphotos.com/1000162/304/i/380/depositphotos_3040039-stock-photo-beautiful-young-smiling-woman.jpg"><br>mouth
<img src="https://st2.depositphotos.com/1578496/8517/i/380/depositphotos_85170684-stock-photo-man-hand.jpg"><br>kéz,<img src="https://st2.depositphotos.com/1578496/8517/i/380/depositphotos_85170684-stock-photo-man-hand.jpg"><br>hand
<img src="https://static4.depositphotos.com/1004757/307/i/450/depositphotos_3075890-stock-photo-sexy-women-legs.jpg"><br>láb,<img src="https://static4.depositphotos.com/1004757/307/i/450/depositphotos_3075890-stock-photo-sexy-women-legs.jpg"><br>foot
<img src="https://st.depositphotos.com/1049691/2161/i/450/depositphotos_21610187-stock-photo-female-legs.jpg"><br>lábszár,<img src="https://st.depositphotos.com/1049691/2161/i/450/depositphotos_21610187-stock-photo-female-legs.jpg"><br>leg
<img src="https://st.depositphotos.com/1909187/2297/i/450/depositphotos_22971918-stock-photo-ankle-pain-detail.jpg"><br>boka,<img src="https://st.depositphotos.com/1909187/2297/i/450/depositphotos_22971918-stock-photo-ankle-pain-detail.jpg"><br>ankle
<img src="https://st.depositphotos.com/1812149/2267/i/380/depositphotos_22678851-stock-photo-back-pain-anatomy.jpg"><br>hát,<img src="https://st.depositphotos.com/1812149/2267/i/380/depositphotos_22678851-stock-photo-back-pain-anatomy.jpg"><br>back
<img src="https://st.depositphotos.com/1017986/1974/i/380/depositphotos_19746937-stock-photo-sporty-woman-flexing-her-biceps.jpg"><br>kar,<img src="https://st.depositphotos.com/1017986/1974/i/380/depositphotos_19746937-stock-photo-sporty-woman-flexing-her-biceps.jpg"><br>arm
<img src="https://www.shutterstock.com/image-photo/elbow-asian-woman-white-skin-260nw-1217410258.jpg"><br>könyök,<img src="https://www.shutterstock.com/image-photo/elbow-asian-woman-white-skin-260nw-1217410258.jpg"><br>elbow