január,<img src="https://img.freepik.com/free-photo/frost-snow-branches-beautiful-winter-seasonal-background-photo-frozen-nature_1161-762.jpg"></img><br>January
február,<img src="https://img.freepik.com/free-photo/gloved-hands-holding-white-heart_23-2147592058.jpg"></img><br>February
március,<img src="https://img.freepik.com/free-photo/women-s-day-celebration-with-flower_23-2151930405.jpg"></img><br>March
április,<img src="https://img.freepik.com/free-photo/cherry-tree-branch-against-blur-background_1398-3442.jpg"></img><br>April
május,<img src="https://img.freepik.com/free-photo/floral-mothers-day-composition-with-pink-roses_23-2147776768.jpg"></img><br>May
június,<img src="https://img.freepik.com/free-photo/spring-scene-with-flowers-butterfly_23-2150169999.jpg"></img><br>June
július,<img src="https://img.freepik.com/free-photo/female-friends-having-fun-with-bengal-lights_23-2147817595.jpg"></img><br>July
augusztus,<img src="https://img.freepik.com/free-photo/sunflowers-field_1353-263.jpg"></img><br>August
szeptember,<img src="https://img.freepik.com/free-photo/brown-shoes-colorful-leaves_23-2148263085.jpg"></img><br>September
október,<img src="https://img.freepik.com/free-photo/fall-season-arrangement-wooden-table_23-2148263095.jpg"></img><br>October
november,<img src="https://img.freepik.com/free-photo/vibrant-autumn-leaves-create-colorful-forest-november-generated-by-ai_188544-250597.jpg"></img><br>November
december,<img src="https://img.freepik.com/free-photo/christmas-celebration-concept_23-2150977082.jpg"></img><br>December
