<img src="https://st5.depositphotos.com/19645534/70496/i/380/depositphotos_704960408-stock-photo-concept-photo-coming-soon-write.jpg"><br>galéria,<img src="https://st5.depositphotos.com/19645534/70496/i/380/depositphotos_704960408-stock-photo-concept-photo-coming-soon-write.jpg"><br>art gallery
<img src="https://st2.depositphotos.com/3910205/9145/i/450/depositphotos_91456024-stock-photo-bus-stop-isolated-on-white.jpg"><br>buszmegálló,<img src="https://st2.depositphotos.com/3910205/9145/i/450/depositphotos_91456024-stock-photo-bus-stop-isolated-on-white.jpg"><br>bus stop
<img src="https://st5.depositphotos.com/19645534/70496/i/380/depositphotos_704960408-stock-photo-concept-photo-coming-soon-write.jpg"><br>parkoló,<img src="https://st5.depositphotos.com/19645534/70496/i/380/depositphotos_704960408-stock-photo-concept-photo-coming-soon-write.jpg"><br>car park
<img src="https://st5.depositphotos.com/22295624/64765/i/380/depositphotos_647651750-stock-photo-yellow-leather-shoes-four-chalky.jpg"><br>irány,<img src="https://st5.depositphotos.com/22295624/64765/i/380/depositphotos_647651750-stock-photo-yellow-leather-shoes-four-chalky.jpg"><br>direction
<img src="https://static9.depositphotos.com/1594920/1087/i/380/depositphotos_10870750-stock-photo-zebra.jpg"><br>zebra,<img src="https://static9.depositphotos.com/1594920/1087/i/380/depositphotos_10870750-stock-photo-zebra.jpg"><br>pedestrian crossing
<img src="https://st4.depositphotos.com/1555678/38698/i/450/depositphotos_386988414-stock-illustration-policeman-standing-holding-laptop-illustration.jpg"><br>rendőrség,<img src="https://st4.depositphotos.com/1555678/38698/i/450/depositphotos_386988414-stock-illustration-policeman-standing-holding-laptop-illustration.jpg"><br>police station
<img src="https://st.depositphotos.com/1092019/2414/i/380/depositphotos_24142025-stock-photo-pile-of-envelopes.jpg"><br>posta,<img src="https://st.depositphotos.com/1092019/2414/i/380/depositphotos_24142025-stock-photo-pile-of-envelopes.jpg"><br>post office
<img src="https://st5.depositphotos.com/19645534/70496/i/380/depositphotos_704960408-stock-photo-concept-photo-coming-soon-write.jpg"><br>görkorcsolya pálya,<img src="https://st5.depositphotos.com/19645534/70496/i/380/depositphotos_704960408-stock-photo-concept-photo-coming-soon-write.jpg"><br>skate park
<img src="https://st.depositphotos.com/1005979/2033/i/380/depositphotos_20332615-stock-photo-calculator-how-much-can-you.jpg"><br>ár,<img src="https://st.depositphotos.com/1005979/2033/i/380/depositphotos_20332615-stock-photo-calculator-how-much-can-you.jpg"><br>price
<img src="https://st5.depositphotos.com/19645534/70496/i/380/depositphotos_704960408-stock-photo-concept-photo-coming-soon-write.jpg"><br>kávéfőző,<img src="https://st5.depositphotos.com/19645534/70496/i/380/depositphotos_704960408-stock-photo-concept-photo-coming-soon-write.jpg"><br>coffee machine
<img src="https://static6.depositphotos.com/1075979/652/i/380/depositphotos_6525933-stock-illustration-funny-lesbian-cuple.jpg"><br>házasodni,<img src="https://static6.depositphotos.com/1075979/652/i/380/depositphotos_6525933-stock-illustration-funny-lesbian-cuple.jpg"><br>marry
<img src="https://st3.depositphotos.com/20363444/33847/i/380/depositphotos_338470236-stock-photo-smart-kid-touching-glasses-standing.jpg"><br>okos,<img src="https://st3.depositphotos.com/20363444/33847/i/380/depositphotos_338470236-stock-photo-smart-kid-touching-glasses-standing.jpg"><br>smart
<img src="https://st3.depositphotos.com/1063437/18963/i/450/depositphotos_189630064-stock-photo-empty-wicker-basket-isolated-on.jpg"><br>kosár,<img src="https://st3.depositphotos.com/1063437/18963/i/450/depositphotos_189630064-stock-photo-empty-wicker-basket-isolated-on.jpg"><br>basket
<img src="https://st5.depositphotos.com/19645534/70496/i/380/depositphotos_704960408-stock-photo-concept-photo-coming-soon-write.jpg"><br>ruháskosár szennyes ruhának,<img src="https://st5.depositphotos.com/19645534/70496/i/380/depositphotos_704960408-stock-photo-concept-photo-coming-soon-write.jpg"><br>clothes basket
<img src="https://st5.depositphotos.com/19645534/70496/i/380/depositphotos_704960408-stock-photo-concept-photo-coming-soon-write.jpg"><br>bújós játék,<img src="https://st5.depositphotos.com/19645534/70496/i/380/depositphotos_704960408-stock-photo-concept-photo-coming-soon-write.jpg"><br>cuddly toy
<img src="https://st2.depositphotos.com/1009948/5641/i/380/depositphotos_56413527-stock-photo-royal-red-velvet-pillow-on.jpg"><br>párna,<img src="https://st2.depositphotos.com/1009948/5641/i/380/depositphotos_56413527-stock-photo-royal-red-velvet-pillow-on.jpg"><br>pillow
<img src="https://static9.depositphotos.com/1634567/1109/i/380/depositphotos_11097860-stock-photo-persian-carpet.jpg"><br>szőnyeg,<img src="https://static9.depositphotos.com/1634567/1109/i/380/depositphotos_11097860-stock-photo-persian-carpet.jpg"><br>rug
<img src="https://st3.depositphotos.com/1022214/36148/i/450/depositphotos_361481256-stock-photo-closeup-young-caucasian-man-covering.jpg"><br>lepedő,<img src="https://st3.depositphotos.com/1022214/36148/i/450/depositphotos_361481256-stock-photo-closeup-young-caucasian-man-covering.jpg"><br>sheet
<img src="https://st5.depositphotos.com/19645534/70496/i/380/depositphotos_704960408-stock-photo-concept-photo-coming-soon-write.jpg"><br>akkumulátortöltő,<img src="https://st5.depositphotos.com/19645534/70496/i/380/depositphotos_704960408-stock-photo-concept-photo-coming-soon-write.jpg"><br>battery charger
<img src="https://static3.depositphotos.com/1005979/207/i/450/depositphotos_2075875-stock-photo-angry-person-talking-on-cell.jpg"><br>panasz,<img src="https://static3.depositphotos.com/1005979/207/i/450/depositphotos_2075875-stock-photo-angry-person-talking-on-cell.jpg"><br>complaint
<img src="https://st5.depositphotos.com/19645534/70496/i/380/depositphotos_704960408-stock-photo-concept-photo-coming-soon-write.jpg"><br>e-könyv,<img src="https://st5.depositphotos.com/19645534/70496/i/380/depositphotos_704960408-stock-photo-concept-photo-coming-soon-write.jpg"><br>e-book
<img src="https://static3.depositphotos.com/1001265/127/i/380/depositphotos_1272967-stock-photo-matches-last-chance.jpg"><br>utolsó,<img src="https://static3.depositphotos.com/1001265/127/i/380/depositphotos_1272967-stock-photo-matches-last-chance.jpg"><br>last
<img src="https://st5.depositphotos.com/19645534/70496/i/380/depositphotos_704960408-stock-photo-concept-photo-coming-soon-write.jpg"><br>menedzser,<img src="https://st5.depositphotos.com/19645534/70496/i/380/depositphotos_704960408-stock-photo-concept-photo-coming-soon-write.jpg"><br>manager
<img src="https://st5.depositphotos.com/19645534/70496/i/380/depositphotos_704960408-stock-photo-concept-photo-coming-soon-write.jpg"><br>modell,<img src="https://st5.depositphotos.com/19645534/70496/i/380/depositphotos_704960408-stock-photo-concept-photo-coming-soon-write.jpg"><br>model
<img src="https://st3.depositphotos.com/12445648/16186/i/380/depositphotos_161863778-stock-photo-condenser-microphone-in-digital-sound.jpg"><br>rádió,<img src="https://st3.depositphotos.com/12445648/16186/i/380/depositphotos_161863778-stock-photo-condenser-microphone-in-digital-sound.jpg"><br>radio
<img src="https://st3.depositphotos.com/1000128/19281/i/380/depositphotos_192817998-stock-photo-modern-touchscreen-smartphone.jpg"><br>okostelefon,<img src="https://st3.depositphotos.com/1000128/19281/i/380/depositphotos_192817998-stock-photo-modern-touchscreen-smartphone.jpg"><br>smartphone
<img src="https://st5.depositphotos.com/19645534/70496/i/380/depositphotos_704960408-stock-photo-concept-photo-coming-soon-write.jpg"><br>rettenetesen,<img src="https://st5.depositphotos.com/19645534/70496/i/380/depositphotos_704960408-stock-photo-concept-photo-coming-soon-write.jpg"><br>terribly
<img src="https://st5.depositphotos.com/19645534/70496/i/380/depositphotos_704960408-stock-photo-concept-photo-coming-soon-write.jpg"><br>zaklatás,<img src="https://st5.depositphotos.com/19645534/70496/i/380/depositphotos_704960408-stock-photo-concept-photo-coming-soon-write.jpg"><br>bullying
<img src="https://st5.depositphotos.com/19645534/70496/i/380/depositphotos_704960408-stock-photo-concept-photo-coming-soon-write.jpg"><br>csalás,<img src="https://st5.depositphotos.com/19645534/70496/i/380/depositphotos_704960408-stock-photo-concept-photo-coming-soon-write.jpg"><br>cheating
<img src="https://st5.depositphotos.com/19645534/70496/i/380/depositphotos_704960408-stock-photo-concept-photo-coming-soon-write.jpg"><br>cyber,<img src="https://st5.depositphotos.com/19645534/70496/i/380/depositphotos_704960408-stock-photo-concept-photo-coming-soon-write.jpg"><br>cyber
<img src="https://st5.depositphotos.com/19645534/70496/i/380/depositphotos_704960408-stock-photo-concept-photo-coming-soon-write.jpg"><br>vizsga nyomás,<img src="https://st5.depositphotos.com/19645534/70496/i/380/depositphotos_704960408-stock-photo-concept-photo-coming-soon-write.jpg"><br>exam pressure
<img src="https://static9.depositphotos.com/1228953/1220/i/450/depositphotos_12208865-stock-photo-the-mechanic.jpg"><br>javítani,<img src="https://static9.depositphotos.com/1228953/1220/i/450/depositphotos_12208865-stock-photo-the-mechanic.jpg"><br>improve
<img src="https://st5.depositphotos.com/19645534/70496/i/380/depositphotos_704960408-stock-photo-concept-photo-coming-soon-write.jpg"><br>motiváló,<img src="https://st5.depositphotos.com/19645534/70496/i/380/depositphotos_704960408-stock-photo-concept-photo-coming-soon-write.jpg"><br>motivating
<img src="https://st5.depositphotos.com/19645534/70496/i/380/depositphotos_704960408-stock-photo-concept-photo-coming-soon-write.jpg"><br>jelentés,<img src="https://st5.depositphotos.com/19645534/70496/i/380/depositphotos_704960408-stock-photo-concept-photo-coming-soon-write.jpg"><br>report
<img src="https://st5.depositphotos.com/19645534/70496/i/380/depositphotos_704960408-stock-photo-concept-photo-coming-soon-write.jpg"><br>súlyos,<img src="https://st5.depositphotos.com/19645534/70496/i/380/depositphotos_704960408-stock-photo-concept-photo-coming-soon-write.jpg"><br>serious
<img src="https://st.depositphotos.com/2574235/4338/v/450/depositphotos_43382781-stock-illustration-height-measurement.jpg"><br>méret,<img src="https://st.depositphotos.com/2574235/4338/v/450/depositphotos_43382781-stock-illustration-height-measurement.jpg"><br>size
<img src="https://st5.depositphotos.com/19645534/70496/i/380/depositphotos_704960408-stock-photo-concept-photo-coming-soon-write.jpg"><br>baj,<img src="https://st5.depositphotos.com/19645534/70496/i/380/depositphotos_704960408-stock-photo-concept-photo-coming-soon-write.jpg"><br>trouble
<img src="https://st3.depositphotos.com/1037921/14456/i/380/depositphotos_144561265-stock-photo-missed-chances-in-life.jpg"><br>vissza,<img src="https://st3.depositphotos.com/1037921/14456/i/380/depositphotos_144561265-stock-photo-missed-chances-in-life.jpg"><br>back
<img src="https://st5.depositphotos.com/19645534/70496/i/380/depositphotos_704960408-stock-photo-concept-photo-coming-soon-write.jpg"><br>zenei,<img src="https://st5.depositphotos.com/19645534/70496/i/380/depositphotos_704960408-stock-photo-concept-photo-coming-soon-write.jpg"><br>musical
<img src="https://st5.depositphotos.com/19645534/70496/i/380/depositphotos_704960408-stock-photo-concept-photo-coming-soon-write.jpg"><br>sor,<img src="https://st5.depositphotos.com/19645534/70496/i/380/depositphotos_704960408-stock-photo-concept-photo-coming-soon-write.jpg"><br>row
<img src="https://st5.depositphotos.com/19645534/70496/i/380/depositphotos_704960408-stock-photo-concept-photo-coming-soon-write.jpg"><br>aszpirin,<img src="https://st5.depositphotos.com/19645534/70496/i/380/depositphotos_704960408-stock-photo-concept-photo-coming-soon-write.jpg"><br>aspirin
<img src="https://st5.depositphotos.com/19645534/70496/i/380/depositphotos_704960408-stock-photo-concept-photo-coming-soon-write.jpg"><br>kötszer,<img src="https://st5.depositphotos.com/19645534/70496/i/380/depositphotos_704960408-stock-photo-concept-photo-coming-soon-write.jpg"><br>bandage
<img src="https://st3.depositphotos.com/13324256/18144/i/450/depositphotos_181443258-stock-photo-ice-cube-clear-water-isolated.jpg"><br>tiszta,<img src="https://st3.depositphotos.com/13324256/18144/i/450/depositphotos_181443258-stock-photo-ice-cube-clear-water-isolated.jpg"><br>clean
<img src="https://st.depositphotos.com/1760261/1347/i/380/depositphotos_13470014-stock-photo-helping-hand.jpg"><br>Segítség,<img src="https://st.depositphotos.com/1760261/1347/i/380/depositphotos_13470014-stock-photo-helping-hand.jpg"><br>help
<img src="https://st5.depositphotos.com/63833366/72704/i/450/depositphotos_727040466-stock-photo-perfect-ice-cubes-white-background.jpg"><br>jég,<img src="https://st5.depositphotos.com/63833366/72704/i/450/depositphotos_727040466-stock-photo-perfect-ice-cubes-white-background.jpg"><br>ice
<img src="https://st5.depositphotos.com/19645534/70496/i/380/depositphotos_704960408-stock-photo-concept-photo-coming-soon-write.jpg"><br>mikrohullámú,<img src="https://st5.depositphotos.com/19645534/70496/i/380/depositphotos_704960408-stock-photo-concept-photo-coming-soon-write.jpg"><br>microwave