<img src="https://st5.depositphotos.com/19645534/70496/i/380/depositphotos_704960408-stock-photo-concept-photo-coming-soon-write.jpg"><br>oszlopdiagram,<img src="https://st5.depositphotos.com/19645534/70496/i/380/depositphotos_704960408-stock-photo-concept-photo-coming-soon-write.jpg"><br>bar chart
<img src="https://st5.depositphotos.com/19645534/70496/i/380/depositphotos_704960408-stock-photo-concept-photo-coming-soon-write.jpg"><br>diagram,<img src="https://st5.depositphotos.com/19645534/70496/i/380/depositphotos_704960408-stock-photo-concept-photo-coming-soon-write.jpg"><br>chart
<img src="https://st5.depositphotos.com/19645534/70496/i/380/depositphotos_704960408-stock-photo-concept-photo-coming-soon-write.jpg"><br>adat,<img src="https://st5.depositphotos.com/19645534/70496/i/380/depositphotos_704960408-stock-photo-concept-photo-coming-soon-write.jpg"><br>data
<img src="https://st5.depositphotos.com/19645534/70496/i/380/depositphotos_704960408-stock-photo-concept-photo-coming-soon-write.jpg"><br>adatdiagram,<img src="https://st5.depositphotos.com/19645534/70496/i/380/depositphotos_704960408-stock-photo-concept-photo-coming-soon-write.jpg"><br>data chart
<img src="https://st2.depositphotos.com/2650957/9838/i/380/depositphotos_98388732-stock-photo-business-hand-press-information-button.jpg"><br>információ,<img src="https://st2.depositphotos.com/2650957/9838/i/380/depositphotos_98388732-stock-photo-business-hand-press-information-button.jpg"><br>information
<img src="https://st5.depositphotos.com/19645534/70496/i/380/depositphotos_704960408-stock-photo-concept-photo-coming-soon-write.jpg"><br>értelmezni,<img src="https://st5.depositphotos.com/19645534/70496/i/380/depositphotos_704960408-stock-photo-concept-photo-coming-soon-write.jpg"><br>interpret
<img src="https://st5.depositphotos.com/19645534/70496/i/380/depositphotos_704960408-stock-photo-concept-photo-coming-soon-write.jpg"><br>kördiagram,<img src="https://st5.depositphotos.com/19645534/70496/i/380/depositphotos_704960408-stock-photo-concept-photo-coming-soon-write.jpg"><br>pie chart
<img src="https://st3.depositphotos.com/20363444/32758/i/380/depositphotos_327589848-stock-photo-girl-costume-doing-handstand-while.jpg"><br>bemutat,<img src="https://st3.depositphotos.com/20363444/32758/i/380/depositphotos_327589848-stock-photo-girl-costume-doing-handstand-while.jpg"><br>present
<img src="https://st.depositphotos.com/1228953/1370/i/380/depositphotos_13707191-stock-photo-survey.jpg"><br>felmérés,<img src="https://st.depositphotos.com/1228953/1370/i/380/depositphotos_13707191-stock-photo-survey.jpg"><br>survey
<img src="https://st5.depositphotos.com/19645534/70496/i/380/depositphotos_704960408-stock-photo-concept-photo-coming-soon-write.jpg"><br>x tengely,<img src="https://st5.depositphotos.com/19645534/70496/i/380/depositphotos_704960408-stock-photo-concept-photo-coming-soon-write.jpg"><br>x-axis
<img src="https://st5.depositphotos.com/19645534/70496/i/380/depositphotos_704960408-stock-photo-concept-photo-coming-soon-write.jpg"><br>y-tengely,<img src="https://st5.depositphotos.com/19645534/70496/i/380/depositphotos_704960408-stock-photo-concept-photo-coming-soon-write.jpg"><br>y-axis
<img src="https://st5.depositphotos.com/19645534/70496/i/380/depositphotos_704960408-stock-photo-concept-photo-coming-soon-write.jpg"><br>alapvető,<img src="https://st5.depositphotos.com/19645534/70496/i/380/depositphotos_704960408-stock-photo-concept-photo-coming-soon-write.jpg"><br>basic
<img src="https://st2.depositphotos.com/1345122/5550/i/450/depositphotos_55507375-stock-photo-human-lungs-anatomy.jpg"><br>mellkas,<img src="https://st2.depositphotos.com/1345122/5550/i/450/depositphotos_55507375-stock-photo-human-lungs-anatomy.jpg"><br>chest
<img src="https://st5.depositphotos.com/19645534/70496/i/380/depositphotos_704960408-stock-photo-concept-photo-coming-soon-write.jpg"><br>kör,<img src="https://st5.depositphotos.com/19645534/70496/i/380/depositphotos_704960408-stock-photo-concept-photo-coming-soon-write.jpg"><br>circle
<img src="https://st5.depositphotos.com/19645534/70496/i/380/depositphotos_704960408-stock-photo-concept-photo-coming-soon-write.jpg"><br>lefelé,<img src="https://st5.depositphotos.com/19645534/70496/i/380/depositphotos_704960408-stock-photo-concept-photo-coming-soon-write.jpg"><br>downwards
<img src="https://st5.depositphotos.com/19645534/70496/i/380/depositphotos_704960408-stock-photo-concept-photo-coming-soon-write.jpg"><br>jellemzője,<img src="https://st5.depositphotos.com/19645534/70496/i/380/depositphotos_704960408-stock-photo-concept-photo-coming-soon-write.jpg"><br>feature
<img src="https://st3.depositphotos.com/8080374/13414/v/380/depositphotos_134141690-stock-illustration-interior-of-studio-apartments.jpg"><br>lakás,<img src="https://st3.depositphotos.com/8080374/13414/v/380/depositphotos_134141690-stock-illustration-interior-of-studio-apartments.jpg"><br>flat
<img src="https://st5.depositphotos.com/19645534/70496/i/380/depositphotos_704960408-stock-photo-concept-photo-coming-soon-write.jpg"><br>index,<img src="https://st5.depositphotos.com/19645534/70496/i/380/depositphotos_704960408-stock-photo-concept-photo-coming-soon-write.jpg"><br>index
<img src="https://st5.depositphotos.com/19645534/70496/i/380/depositphotos_704960408-stock-photo-concept-photo-coming-soon-write.jpg"><br>kézikönyv,<img src="https://st5.depositphotos.com/19645534/70496/i/380/depositphotos_704960408-stock-photo-concept-photo-coming-soon-write.jpg"><br>manual
<img src="https://st5.depositphotos.com/19645534/70496/i/380/depositphotos_704960408-stock-photo-concept-photo-coming-soon-write.jpg"><br>középső,<img src="https://st5.depositphotos.com/19645534/70496/i/380/depositphotos_704960408-stock-photo-concept-photo-coming-soon-write.jpg"><br>middle
<img src="https://st5.depositphotos.com/19645534/70496/i/380/depositphotos_704960408-stock-photo-concept-photo-coming-soon-write.jpg"><br>kifejezés,<img src="https://st5.depositphotos.com/19645534/70496/i/380/depositphotos_704960408-stock-photo-concept-photo-coming-soon-write.jpg"><br>phrase
<img src="https://st5.depositphotos.com/19645534/70496/i/380/depositphotos_704960408-stock-photo-concept-photo-coming-soon-write.jpg"><br>elsődleges,<img src="https://st5.depositphotos.com/19645534/70496/i/380/depositphotos_704960408-stock-photo-concept-photo-coming-soon-write.jpg"><br>primary
<img src="https://st5.depositphotos.com/19645534/70496/i/380/depositphotos_704960408-stock-photo-concept-photo-coming-soon-write.jpg"><br>alapelv,<img src="https://st5.depositphotos.com/19645534/70496/i/380/depositphotos_704960408-stock-photo-concept-photo-coming-soon-write.jpg"><br>principle
<img src="https://st5.depositphotos.com/19645534/70496/i/380/depositphotos_704960408-stock-photo-concept-photo-coming-soon-write.jpg"><br>alak,<img src="https://st5.depositphotos.com/19645534/70496/i/380/depositphotos_704960408-stock-photo-concept-photo-coming-soon-write.jpg"><br>shape
<img src="https://st.depositphotos.com/1001291/3844/i/380/depositphotos_38449679-stock-photo-set-of-3d-map-pointers.jpg"><br>jel,<img src="https://st.depositphotos.com/1001291/3844/i/380/depositphotos_38449679-stock-photo-set-of-3d-map-pointers.jpg"><br>sign
<img src="https://st5.depositphotos.com/19645534/70496/i/380/depositphotos_704960408-stock-photo-concept-photo-coming-soon-write.jpg"><br>át,<img src="https://st5.depositphotos.com/19645534/70496/i/380/depositphotos_704960408-stock-photo-concept-photo-coming-soon-write.jpg"><br>across
<img src="https://st5.depositphotos.com/19645534/70496/i/380/depositphotos_704960408-stock-photo-concept-photo-coming-soon-write.jpg"><br>mentén,<img src="https://st5.depositphotos.com/19645534/70496/i/380/depositphotos_704960408-stock-photo-concept-photo-coming-soon-write.jpg"><br>along
<img src="https://st5.depositphotos.com/19645534/70496/i/380/depositphotos_704960408-stock-photo-concept-photo-coming-soon-write.jpg"><br>ügy,<img src="https://st5.depositphotos.com/19645534/70496/i/380/depositphotos_704960408-stock-photo-concept-photo-coming-soon-write.jpg"><br>case
<img src="https://st5.depositphotos.com/19645534/70496/i/380/depositphotos_704960408-stock-photo-concept-photo-coming-soon-write.jpg"><br>lábnyom,<img src="https://st5.depositphotos.com/19645534/70496/i/380/depositphotos_704960408-stock-photo-concept-photo-coming-soon-write.jpg"><br>footprint
<img src="https://st3.depositphotos.com/13349494/18663/i/380/depositphotos_186631816-stock-photo-spaghetti-carbonara-served-white-plate.jpg"><br>vendéglő,<img src="https://st3.depositphotos.com/13349494/18663/i/380/depositphotos_186631816-stock-photo-spaghetti-carbonara-served-white-plate.jpg"><br>inn
<img src="https://st5.depositphotos.com/19645534/70496/i/380/depositphotos_704960408-stock-photo-concept-photo-coming-soon-write.jpg"><br>bűncselekmény,<img src="https://st5.depositphotos.com/19645534/70496/i/380/depositphotos_704960408-stock-photo-concept-photo-coming-soon-write.jpg"><br>crime
<img src="https://st5.depositphotos.com/19645534/70496/i/380/depositphotos_704960408-stock-photo-concept-photo-coming-soon-write.jpg"><br>borostyán,<img src="https://st5.depositphotos.com/19645534/70496/i/380/depositphotos_704960408-stock-photo-concept-photo-coming-soon-write.jpg"><br>ivy
<img src="https://st5.depositphotos.com/19645534/70496/i/380/depositphotos_704960408-stock-photo-concept-photo-coming-soon-write.jpg"><br>hiányzó,<img src="https://st5.depositphotos.com/19645534/70496/i/380/depositphotos_704960408-stock-photo-concept-photo-coming-soon-write.jpg"><br>missing
<img src="https://st5.depositphotos.com/19645534/70496/i/380/depositphotos_704960408-stock-photo-concept-photo-coming-soon-write.jpg"><br>mór,<img src="https://st5.depositphotos.com/19645534/70496/i/380/depositphotos_704960408-stock-photo-concept-photo-coming-soon-write.jpg"><br>moor
<img src="https://st5.depositphotos.com/19645534/70496/i/380/depositphotos_704960408-stock-photo-concept-photo-coming-soon-write.jpg"><br>gyilkosság,<img src="https://st5.depositphotos.com/19645534/70496/i/380/depositphotos_704960408-stock-photo-concept-photo-coming-soon-write.jpg"><br>murder
<img src="https://st5.depositphotos.com/19645534/70496/i/380/depositphotos_704960408-stock-photo-concept-photo-coming-soon-write.jpg"><br>furcsán,<img src="https://st5.depositphotos.com/19645534/70496/i/380/depositphotos_704960408-stock-photo-concept-photo-coming-soon-write.jpg"><br>strangely
<img src="https://st5.depositphotos.com/19645534/70496/i/380/depositphotos_704960408-stock-photo-concept-photo-coming-soon-write.jpg"><br>animáció,<img src="https://st5.depositphotos.com/19645534/70496/i/380/depositphotos_704960408-stock-photo-concept-photo-coming-soon-write.jpg"><br>animation
<img src="https://st5.depositphotos.com/19645534/70496/i/380/depositphotos_704960408-stock-photo-concept-photo-coming-soon-write.jpg"><br>kasszasiker,<img src="https://st5.depositphotos.com/19645534/70496/i/380/depositphotos_704960408-stock-photo-concept-photo-coming-soon-write.jpg"><br>blockbuster
<img src="https://st5.depositphotos.com/19645534/70496/i/380/depositphotos_704960408-stock-photo-concept-photo-coming-soon-write.jpg"><br>rajzfilm,<img src="https://st5.depositphotos.com/19645534/70496/i/380/depositphotos_704960408-stock-photo-concept-photo-coming-soon-write.jpg"><br>cartoon
<img src="https://st5.depositphotos.com/19645534/70496/i/380/depositphotos_704960408-stock-photo-concept-photo-coming-soon-write.jpg"><br>cel,<img src="https://st5.depositphotos.com/19645534/70496/i/380/depositphotos_704960408-stock-photo-concept-photo-coming-soon-write.jpg"><br>cel
<img src="https://st5.depositphotos.com/19645534/70496/i/380/depositphotos_704960408-stock-photo-concept-photo-coming-soon-write.jpg"><br>karakter,<img src="https://st5.depositphotos.com/19645534/70496/i/380/depositphotos_704960408-stock-photo-concept-photo-coming-soon-write.jpg"><br>character
<img src="https://st5.depositphotos.com/19645534/70496/i/380/depositphotos_704960408-stock-photo-concept-photo-coming-soon-write.jpg"><br>számítógép által generált képek (CGI),<img src="https://st5.depositphotos.com/19645534/70496/i/380/depositphotos_704960408-stock-photo-concept-photo-coming-soon-write.jpg"><br>computer generated imagery (CGI)
<img src="https://st5.depositphotos.com/19645534/70496/i/380/depositphotos_704960408-stock-photo-concept-photo-coming-soon-write.jpg"><br>lemez,<img src="https://st5.depositphotos.com/19645534/70496/i/380/depositphotos_704960408-stock-photo-concept-photo-coming-soon-write.jpg"><br>disc
<img src="https://st5.depositphotos.com/19645534/70496/i/380/depositphotos_704960408-stock-photo-concept-photo-coming-soon-write.jpg"><br>filmkészítő,<img src="https://st5.depositphotos.com/19645534/70496/i/380/depositphotos_704960408-stock-photo-concept-photo-coming-soon-write.jpg"><br>film-maker
<img src="https://st2.depositphotos.com/1813303/6223/v/380/depositphotos_62231151-stock-illustration-geometric-shapes-vector.jpg"><br>forma,<img src="https://st2.depositphotos.com/1813303/6223/v/380/depositphotos_62231151-stock-illustration-geometric-shapes-vector.jpg"><br>form
<img src="https://st5.depositphotos.com/19645534/70496/i/380/depositphotos_704960408-stock-photo-concept-photo-coming-soon-write.jpg"><br>kézzel rajzolt,<img src="https://st5.depositphotos.com/19645534/70496/i/380/depositphotos_704960408-stock-photo-concept-photo-coming-soon-write.jpg"><br>hand-drawn
<img src="https://st4.depositphotos.com/3581215/24365/v/380/depositphotos_243652632-stock-illustration-plastic-products-recycling-hand-drawn.jpg"><br>műanyag,<img src="https://st4.depositphotos.com/3581215/24365/v/380/depositphotos_243652632-stock-illustration-plastic-products-recycling-hand-drawn.jpg"><br>plastic
<img src="https://st5.depositphotos.com/19645534/70496/i/380/depositphotos_704960408-stock-photo-concept-photo-coming-soon-write.jpg"><br>folyamat,<img src="https://st5.depositphotos.com/19645534/70496/i/380/depositphotos_704960408-stock-photo-concept-photo-coming-soon-write.jpg"><br>process
<img src="https://st5.depositphotos.com/19645534/70496/i/380/depositphotos_704960408-stock-photo-concept-photo-coming-soon-write.jpg"><br>reális,<img src="https://st5.depositphotos.com/19645534/70496/i/380/depositphotos_704960408-stock-photo-concept-photo-coming-soon-write.jpg"><br>realistic
<img src="https://st5.depositphotos.com/19645534/70496/i/380/depositphotos_704960408-stock-photo-concept-photo-coming-soon-write.jpg"><br>speciális hatás,<img src="https://st5.depositphotos.com/19645534/70496/i/380/depositphotos_704960408-stock-photo-concept-photo-coming-soon-write.jpg"><br>special effect
<img src="https://st5.depositphotos.com/19645534/70496/i/380/depositphotos_704960408-stock-photo-concept-photo-coming-soon-write.jpg"><br>pálcikaember,<img src="https://st5.depositphotos.com/19645534/70496/i/380/depositphotos_704960408-stock-photo-concept-photo-coming-soon-write.jpg"><br>stick figure
<img src="https://st.depositphotos.com/1026266/3577/i/380/depositphotos_35771527-stock-photo-cloud-technology-in-the-hand.jpg"><br>technika,<img src="https://st.depositphotos.com/1026266/3577/i/380/depositphotos_35771527-stock-photo-cloud-technology-in-the-hand.jpg"><br>technique
<img src="https://st5.depositphotos.com/19645534/70496/i/380/depositphotos_704960408-stock-photo-concept-photo-coming-soon-write.jpg"><br>átlátszó,<img src="https://st5.depositphotos.com/19645534/70496/i/380/depositphotos_704960408-stock-photo-concept-photo-coming-soon-write.jpg"><br>transparent
<img src="https://st5.depositphotos.com/19645534/70496/i/380/depositphotos_704960408-stock-photo-concept-photo-coming-soon-write.jpg"><br>kiszámítani,<img src="https://st5.depositphotos.com/19645534/70496/i/380/depositphotos_704960408-stock-photo-concept-photo-coming-soon-write.jpg"><br>calculate
<img src="https://st5.depositphotos.com/19645534/70496/i/380/depositphotos_704960408-stock-photo-concept-photo-coming-soon-write.jpg"><br>egyenlet,<img src="https://st5.depositphotos.com/19645534/70496/i/380/depositphotos_704960408-stock-photo-concept-photo-coming-soon-write.jpg"><br>equation
<img src="https://st5.depositphotos.com/19645534/70496/i/380/depositphotos_704960408-stock-photo-concept-photo-coming-soon-write.jpg"><br>szabadstílus,<img src="https://st5.depositphotos.com/19645534/70496/i/380/depositphotos_704960408-stock-photo-concept-photo-coming-soon-write.jpg"><br>freestyle
<img src="https://st5.depositphotos.com/19645534/70496/i/380/depositphotos_704960408-stock-photo-concept-photo-coming-soon-write.jpg"><br>hosszúságú,<img src="https://st5.depositphotos.com/19645534/70496/i/380/depositphotos_704960408-stock-photo-concept-photo-coming-soon-write.jpg"><br>lenght
<img src="https://st5.depositphotos.com/19645534/70496/i/380/depositphotos_704960408-stock-photo-concept-photo-coming-soon-write.jpg"><br>sebesség,<img src="https://st5.depositphotos.com/19645534/70496/i/380/depositphotos_704960408-stock-photo-concept-photo-coming-soon-write.jpg"><br>speed
<img src="https://st.depositphotos.com/1008244/4144/v/380/depositphotos_41445881-stock-illustration-time-icon.jpg"><br>idő,<img src="https://st.depositphotos.com/1008244/4144/v/380/depositphotos_41445881-stock-illustration-time-icon.jpg"><br>time
<img src="https://st5.depositphotos.com/19645534/70496/i/380/depositphotos_704960408-stock-photo-concept-photo-coming-soon-write.jpg"><br>pálya,<img src="https://st5.depositphotos.com/19645534/70496/i/380/depositphotos_704960408-stock-photo-concept-photo-coming-soon-write.jpg"><br>track
<img src="https://st5.depositphotos.com/19645534/70496/i/380/depositphotos_704960408-stock-photo-concept-photo-coming-soon-write.jpg"><br>kapcsolatban lenni,<img src="https://st5.depositphotos.com/19645534/70496/i/380/depositphotos_704960408-stock-photo-concept-photo-coming-soon-write.jpg"><br>be in contact with
<img src="https://st5.depositphotos.com/19645534/70496/i/380/depositphotos_704960408-stock-photo-concept-photo-coming-soon-write.jpg"><br>jeladó,<img src="https://st5.depositphotos.com/19645534/70496/i/380/depositphotos_704960408-stock-photo-concept-photo-coming-soon-write.jpg"><br>beacon
<img src="https://st5.depositphotos.com/19645534/70496/i/380/depositphotos_704960408-stock-photo-concept-photo-coming-soon-write.jpg"><br>menekülés,<img src="https://st5.depositphotos.com/19645534/70496/i/380/depositphotos_704960408-stock-photo-concept-photo-coming-soon-write.jpg"><br>escape
<img src="https://st.depositphotos.com/2251265/2486/i/380/depositphotos_24862069-stock-photo-white-wall-clock.jpg"><br>pontos,<img src="https://st.depositphotos.com/2251265/2486/i/380/depositphotos_24862069-stock-photo-white-wall-clock.jpg"><br>exact
<img src="https://static3.depositphotos.com/1001914/141/i/450/depositphotos_1412797-stock-photo-hand-sign-ok.jpg"><br>pontosan,<img src="https://static3.depositphotos.com/1001914/141/i/450/depositphotos_1412797-stock-photo-hand-sign-ok.jpg"><br>exactly
<img src="https://st5.depositphotos.com/19645534/70496/i/380/depositphotos_704960408-stock-photo-concept-photo-coming-soon-write.jpg"><br>felfedező,<img src="https://st5.depositphotos.com/19645534/70496/i/380/depositphotos_704960408-stock-photo-concept-photo-coming-soon-write.jpg"><br>explorer
<img src="https://st2.depositphotos.com/1146092/7025/i/450/depositphotos_70252053-stock-photo-medical-doctor-dog.jpg"><br>elsősegély,<img src="https://st2.depositphotos.com/1146092/7025/i/450/depositphotos_70252053-stock-photo-medical-doctor-dog.jpg"><br>first aid
<img src="https://st5.depositphotos.com/19645534/70496/i/380/depositphotos_704960408-stock-photo-concept-photo-coming-soon-write.jpg"><br>szabadon,<img src="https://st5.depositphotos.com/19645534/70496/i/380/depositphotos_704960408-stock-photo-concept-photo-coming-soon-write.jpg"><br>freely
<img src="https://static8.depositphotos.com/1005669/1020/i/380/depositphotos_10201506-stock-photo-business-competition.jpg"><br>óriás,<img src="https://static8.depositphotos.com/1005669/1020/i/380/depositphotos_10201506-stock-photo-business-competition.jpg"><br>giant
<img src="https://st5.depositphotos.com/19645534/70496/i/380/depositphotos_704960408-stock-photo-concept-photo-coming-soon-write.jpg"><br>globális helymeghatározó rendszer (GPS),<img src="https://st5.depositphotos.com/19645534/70496/i/380/depositphotos_704960408-stock-photo-concept-photo-coming-soon-write.jpg"><br>global positioning system (GPS)
<img src="https://st5.depositphotos.com/19645534/70496/i/380/depositphotos_704960408-stock-photo-concept-photo-coming-soon-write.jpg"><br>internet kapcsolat,<img src="https://st5.depositphotos.com/19645534/70496/i/380/depositphotos_704960408-stock-photo-concept-photo-coming-soon-write.jpg"><br>internet connection
<img src="https://st5.depositphotos.com/19645534/70496/i/380/depositphotos_704960408-stock-photo-concept-photo-coming-soon-write.jpg"><br>elhelyezkedés,<img src="https://st5.depositphotos.com/19645534/70496/i/380/depositphotos_704960408-stock-photo-concept-photo-coming-soon-write.jpg"><br>location
<img src="https://st5.depositphotos.com/19645534/70496/i/380/depositphotos_704960408-stock-photo-concept-photo-coming-soon-write.jpg"><br>katonai projekt,<img src="https://st5.depositphotos.com/19645534/70496/i/380/depositphotos_704960408-stock-photo-concept-photo-coming-soon-write.jpg"><br>military project
<img src="https://st5.depositphotos.com/19645534/70496/i/380/depositphotos_704960408-stock-photo-concept-photo-coming-soon-write.jpg"><br>offline módban,<img src="https://st5.depositphotos.com/19645534/70496/i/380/depositphotos_704960408-stock-photo-concept-photo-coming-soon-write.jpg"><br>offline
<img src="https://st5.depositphotos.com/19645534/70496/i/380/depositphotos_704960408-stock-photo-concept-photo-coming-soon-write.jpg"><br>személyes lokátor,<img src="https://st5.depositphotos.com/19645534/70496/i/380/depositphotos_704960408-stock-photo-concept-photo-coming-soon-write.jpg"><br>personal locator
<img src="https://st5.depositphotos.com/19645534/70496/i/380/depositphotos_704960408-stock-photo-concept-photo-coming-soon-write.jpg"><br>vevő,<img src="https://st5.depositphotos.com/19645534/70496/i/380/depositphotos_704960408-stock-photo-concept-photo-coming-soon-write.jpg"><br>reciver
<img src="https://st5.depositphotos.com/19645534/70496/i/380/depositphotos_704960408-stock-photo-concept-photo-coming-soon-write.jpg"><br>biztonságosan,<img src="https://st5.depositphotos.com/19645534/70496/i/380/depositphotos_704960408-stock-photo-concept-photo-coming-soon-write.jpg"><br>safely
<img src="https://st5.depositphotos.com/19645534/70496/i/380/depositphotos_704960408-stock-photo-concept-photo-coming-soon-write.jpg"><br>műhold,<img src="https://st5.depositphotos.com/19645534/70496/i/380/depositphotos_704960408-stock-photo-concept-photo-coming-soon-write.jpg"><br>satellite
<img src="https://st5.depositphotos.com/19645534/70496/i/380/depositphotos_704960408-stock-photo-concept-photo-coming-soon-write.jpg"><br>katona,<img src="https://st5.depositphotos.com/19645534/70496/i/380/depositphotos_704960408-stock-photo-concept-photo-coming-soon-write.jpg"><br>soldier
<img src="https://st2.depositphotos.com/3274035/6326/i/380/depositphotos_63261211-stock-photo-town-hall-in-the-market.jpg"><br>tér,<img src="https://st2.depositphotos.com/3274035/6326/i/380/depositphotos_63261211-stock-photo-town-hall-in-the-market.jpg"><br>space
<img src="https://st4.depositphotos.com/2501951/31209/i/380/depositphotos_312094834-stock-photo-zero-waste-food-shopping-metal.jpg"><br>bolt,<img src="https://st4.depositphotos.com/2501951/31209/i/380/depositphotos_312094834-stock-photo-zero-waste-food-shopping-metal.jpg"><br>store
<img src="https://st.depositphotos.com/1229718/2469/i/380/depositphotos_24696761-stock-photo-clean-air.jpg"><br>levegő,<img src="https://st.depositphotos.com/1229718/2469/i/380/depositphotos_24696761-stock-photo-clean-air.jpg"><br>air
<img src="https://static6.depositphotos.com/1015530/562/i/380/depositphotos_5627462-stock-photo-little-girl-is-blowing-her.jpg"><br>fúj,<img src="https://static6.depositphotos.com/1015530/562/i/380/depositphotos_5627462-stock-photo-little-girl-is-blowing-her.jpg"><br>blow
<img src="https://st5.depositphotos.com/19645534/70496/i/380/depositphotos_704960408-stock-photo-concept-photo-coming-soon-write.jpg"><br>sárgaréz,<img src="https://st5.depositphotos.com/19645534/70496/i/380/depositphotos_704960408-stock-photo-concept-photo-coming-soon-write.jpg"><br>brass
<img src="https://st5.depositphotos.com/19645534/70496/i/380/depositphotos_704960408-stock-photo-concept-photo-coming-soon-write.jpg"><br>gordonka,<img src="https://st5.depositphotos.com/19645534/70496/i/380/depositphotos_704960408-stock-photo-concept-photo-coming-soon-write.jpg"><br>cello
<img src="https://st5.depositphotos.com/19645534/70496/i/380/depositphotos_704960408-stock-photo-concept-photo-coming-soon-write.jpg"><br>klarinét,<img src="https://st5.depositphotos.com/19645534/70496/i/380/depositphotos_704960408-stock-photo-concept-photo-coming-soon-write.jpg"><br>clarinet
<img src="https://st5.depositphotos.com/19645534/70496/i/380/depositphotos_704960408-stock-photo-concept-photo-coming-soon-write.jpg"><br>cintányér,<img src="https://st5.depositphotos.com/19645534/70496/i/380/depositphotos_704960408-stock-photo-concept-photo-coming-soon-write.jpg"><br>cymbal
<img src="https://st5.depositphotos.com/19645534/70496/i/380/depositphotos_704960408-stock-photo-concept-photo-coming-soon-write.jpg"><br>nagybőgő,<img src="https://st5.depositphotos.com/19645534/70496/i/380/depositphotos_704960408-stock-photo-concept-photo-coming-soon-write.jpg"><br>double bass
<img src="https://st2.depositphotos.com/2575873/11430/i/380/depositphotos_114308558-stock-photo-brass-silver-metal-flute-isolated.jpg"><br>fuvola,<img src="https://st2.depositphotos.com/2575873/11430/i/380/depositphotos_114308558-stock-photo-brass-silver-metal-flute-isolated.jpg"><br>flute
<img src="https://st5.depositphotos.com/19645534/70496/i/380/depositphotos_704960408-stock-photo-concept-photo-coming-soon-write.jpg"><br>magas hangú,<img src="https://st5.depositphotos.com/19645534/70496/i/380/depositphotos_704960408-stock-photo-concept-photo-coming-soon-write.jpg"><br>high-pitched
<img src="https://st5.depositphotos.com/19645534/70496/i/380/depositphotos_704960408-stock-photo-concept-photo-coming-soon-write.jpg"><br>intervallum,<img src="https://st5.depositphotos.com/19645534/70496/i/380/depositphotos_704960408-stock-photo-concept-photo-coming-soon-write.jpg"><br>interval
<img src="https://st5.depositphotos.com/19645534/70496/i/380/depositphotos_704960408-stock-photo-concept-photo-coming-soon-write.jpg"><br>kulcsfontosságú,<img src="https://st5.depositphotos.com/19645534/70496/i/380/depositphotos_704960408-stock-photo-concept-photo-coming-soon-write.jpg"><br>key
<img src="https://st5.depositphotos.com/19645534/70496/i/380/depositphotos_704960408-stock-photo-concept-photo-coming-soon-write.jpg"><br>laza,<img src="https://st5.depositphotos.com/19645534/70496/i/380/depositphotos_704960408-stock-photo-concept-photo-coming-soon-write.jpg"><br>loose
<img src="https://static4.depositphotos.com/1005342/313/i/450/depositphotos_3131198-stock-photo-discount-percent.jpg"><br>alacsony,<img src="https://static4.depositphotos.com/1005342/313/i/450/depositphotos_3131198-stock-photo-discount-percent.jpg"><br>low
<img src="https://st.depositphotos.com/1001291/3844/i/380/depositphotos_38449679-stock-photo-set-of-3d-map-pointers.jpg"><br>jel,<img src="https://st.depositphotos.com/1001291/3844/i/380/depositphotos_38449679-stock-photo-set-of-3d-map-pointers.jpg"><br>mark
<img src="https://st5.depositphotos.com/19645534/70496/i/380/depositphotos_704960408-stock-photo-concept-photo-coming-soon-write.jpg"><br>hangjegy,<img src="https://st5.depositphotos.com/19645534/70496/i/380/depositphotos_704960408-stock-photo-concept-photo-coming-soon-write.jpg"><br>musical note
<img src="https://st5.depositphotos.com/19645534/70496/i/380/depositphotos_704960408-stock-photo-concept-photo-coming-soon-write.jpg"><br>ütőhangszerek,<img src="https://st5.depositphotos.com/19645534/70496/i/380/depositphotos_704960408-stock-photo-concept-photo-coming-soon-write.jpg"><br>percussion
<img src="https://st5.depositphotos.com/19645534/70496/i/380/depositphotos_704960408-stock-photo-concept-photo-coming-soon-write.jpg"><br>szabályos,<img src="https://st5.depositphotos.com/19645534/70496/i/380/depositphotos_704960408-stock-photo-concept-photo-coming-soon-write.jpg"><br>regular
<img src="https://st5.depositphotos.com/19645534/70496/i/380/depositphotos_704960408-stock-photo-concept-photo-coming-soon-write.jpg"><br>hangmagasság,<img src="https://st5.depositphotos.com/19645534/70496/i/380/depositphotos_704960408-stock-photo-concept-photo-coming-soon-write.jpg"><br>pitch
<img src="https://st5.depositphotos.com/19645534/70496/i/380/depositphotos_704960408-stock-photo-concept-photo-coming-soon-write.jpg"><br>megismételt,<img src="https://st5.depositphotos.com/19645534/70496/i/380/depositphotos_704960408-stock-photo-concept-photo-coming-soon-write.jpg"><br>repeated
<img src="https://st5.depositphotos.com/19645534/70496/i/380/depositphotos_704960408-stock-photo-concept-photo-coming-soon-write.jpg"><br>húr,<img src="https://st5.depositphotos.com/19645534/70496/i/380/depositphotos_704960408-stock-photo-concept-photo-coming-soon-write.jpg"><br>string
<img src="https://st5.depositphotos.com/19645534/70496/i/380/depositphotos_704960408-stock-photo-concept-photo-coming-soon-write.jpg"><br>harsona,<img src="https://st5.depositphotos.com/19645534/70496/i/380/depositphotos_704960408-stock-photo-concept-photo-coming-soon-write.jpg"><br>trombone
<img src="https://st5.depositphotos.com/19645534/70496/i/380/depositphotos_704960408-stock-photo-concept-photo-coming-soon-write.jpg"><br>trombita,<img src="https://st5.depositphotos.com/19645534/70496/i/380/depositphotos_704960408-stock-photo-concept-photo-coming-soon-write.jpg"><br>trumpet
<img src="https://st5.depositphotos.com/19645534/70496/i/380/depositphotos_704960408-stock-photo-concept-photo-coming-soon-write.jpg"><br>rezeg,<img src="https://st5.depositphotos.com/19645534/70496/i/380/depositphotos_704960408-stock-photo-concept-photo-coming-soon-write.jpg"><br>vibrate
<img src="https://st5.depositphotos.com/19645534/70496/i/380/depositphotos_704960408-stock-photo-concept-photo-coming-soon-write.jpg"><br>fafúvós,<img src="https://st5.depositphotos.com/19645534/70496/i/380/depositphotos_704960408-stock-photo-concept-photo-coming-soon-write.jpg"><br>woodwind
<img src="https://st5.depositphotos.com/19645534/70496/i/380/depositphotos_704960408-stock-photo-concept-photo-coming-soon-write.jpg"><br>xilofon,<img src="https://st5.depositphotos.com/19645534/70496/i/380/depositphotos_704960408-stock-photo-concept-photo-coming-soon-write.jpg"><br>xylophone
<img src="https://st5.depositphotos.com/19645534/70496/i/380/depositphotos_704960408-stock-photo-concept-photo-coming-soon-write.jpg"><br>adrenalint,<img src="https://st5.depositphotos.com/19645534/70496/i/380/depositphotos_704960408-stock-photo-concept-photo-coming-soon-write.jpg"><br>adreanaline
<img src="https://st5.depositphotos.com/19645534/70496/i/380/depositphotos_704960408-stock-photo-concept-photo-coming-soon-write.jpg"><br>vér,<img src="https://st5.depositphotos.com/19645534/70496/i/380/depositphotos_704960408-stock-photo-concept-photo-coming-soon-write.jpg"><br>blood
<img src="https://st5.depositphotos.com/19645534/70496/i/380/depositphotos_704960408-stock-photo-concept-photo-coming-soon-write.jpg"><br>agy,<img src="https://st5.depositphotos.com/19645534/70496/i/380/depositphotos_704960408-stock-photo-concept-photo-coming-soon-write.jpg"><br>brain
<img src="https://st5.depositphotos.com/19645534/70496/i/380/depositphotos_704960408-stock-photo-concept-photo-coming-soon-write.jpg"><br>lélegző,<img src="https://st5.depositphotos.com/19645534/70496/i/380/depositphotos_704960408-stock-photo-concept-photo-coming-soon-write.jpg"><br>breathing
<img src="https://st.depositphotos.com/1001189/1841/v/380/depositphotos_18419447-stock-illustration-cold-warning-sign.jpg"><br>hűvös,<img src="https://st.depositphotos.com/1001189/1841/v/380/depositphotos_18419447-stock-illustration-cold-warning-sign.jpg"><br>cool
<img src="https://st5.depositphotos.com/19645534/70496/i/380/depositphotos_704960408-stock-photo-concept-photo-coming-soon-write.jpg"><br>kiáltás,<img src="https://st5.depositphotos.com/19645534/70496/i/380/depositphotos_704960408-stock-photo-concept-photo-coming-soon-write.jpg"><br>cry
<img src="https://static9.depositphotos.com/1431107/1201/v/380/depositphotos_12011633-stock-illustration-vector-danger-warning-sign.jpg"><br>veszély,<img src="https://static9.depositphotos.com/1431107/1201/v/380/depositphotos_12011633-stock-illustration-vector-danger-warning-sign.jpg"><br>danger
<img src="https://st3.depositphotos.com/1026266/19188/i/450/depositphotos_191888652-stock-photo-business-man-afraid-of-his.jpg"><br>félelem,<img src="https://st3.depositphotos.com/1026266/19188/i/450/depositphotos_191888652-stock-photo-business-man-afraid-of-his.jpg"><br>fear
<img src="https://static9.depositphotos.com/1008939/1107/i/450/depositphotos_11074073-stock-photo-popeye.jpg"><br>harc,<img src="https://static9.depositphotos.com/1008939/1107/i/450/depositphotos_11074073-stock-photo-popeye.jpg"><br>fight
<img src="https://st5.depositphotos.com/12260748/69845/v/450/depositphotos_698452858-stock-illustration-red-heart-icon-vector-illustration.jpg"><br>szív,<img src="https://st5.depositphotos.com/12260748/69845/v/450/depositphotos_698452858-stock-illustration-red-heart-icon-vector-illustration.jpg"><br>heart
<img src="https://st5.depositphotos.com/19645534/70496/i/380/depositphotos_704960408-stock-photo-concept-photo-coming-soon-write.jpg"><br>hormon,<img src="https://st5.depositphotos.com/19645534/70496/i/380/depositphotos_704960408-stock-photo-concept-photo-coming-soon-write.jpg"><br>hormone
<img src="https://st5.depositphotos.com/19645534/70496/i/380/depositphotos_704960408-stock-photo-concept-photo-coming-soon-write.jpg"><br>pánik,<img src="https://st5.depositphotos.com/19645534/70496/i/380/depositphotos_704960408-stock-photo-concept-photo-coming-soon-write.jpg"><br>panic
<img src="https://st5.depositphotos.com/19645534/70496/i/380/depositphotos_704960408-stock-photo-concept-photo-coming-soon-write.jpg"><br>tanítvány,<img src="https://st5.depositphotos.com/19645534/70496/i/380/depositphotos_704960408-stock-photo-concept-photo-coming-soon-write.jpg"><br>pupil
<img src="https://st.depositphotos.com/2743147/3348/i/380/depositphotos_33488105-stock-photo-chain-reaction.jpg"><br>reakció,<img src="https://st.depositphotos.com/2743147/3348/i/380/depositphotos_33488105-stock-photo-chain-reaction.jpg"><br>reaction
<img src="https://st.depositphotos.com/1948119/1901/i/380/depositphotos_19017299-stock-illustration-hearts-st-valentine.jpg"><br>érzés,<img src="https://st.depositphotos.com/1948119/1901/i/380/depositphotos_19017299-stock-illustration-hearts-st-valentine.jpg"><br>sensation
<img src="https://st.depositphotos.com/1751268/3820/i/380/depositphotos_38204061-stock-photo-sweat-on-man-skin.jpg"><br>izzad,<img src="https://st.depositphotos.com/1751268/3820/i/380/depositphotos_38204061-stock-photo-sweat-on-man-skin.jpg"><br>sweat