<img src="https://t4.ftcdn.net/jpg/00/61/26/65/360_F_61266562_MBEkMw3fWWOGcBjIGrEXFmRSAvpudaNp.jpg"></img><br>tojás,<img src="https://t4.ftcdn.net/jpg/00/61/26/65/360_F_61266562_MBEkMw3fWWOGcBjIGrEXFmRSAvpudaNp.jpg"></img><br>egg
<img src="https://media.istockphoto.com/id/1442417585/photo/person-getting-a-piece-of-cheesy-pepperoni-pizza.jpg?s=612x612&w=0&k=20&c=k60TjxKIOIxJpd4F4yLMVjsniB4W1BpEV4Mi_nb4uJU="></img><br>pizza,<img src="https://media.istockphoto.com/id/1442417585/photo/person-getting-a-piece-of-cheesy-pepperoni-pizza.jpg?s=612x612&w=0&k=20&c=k60TjxKIOIxJpd4F4yLMVjsniB4W1BpEV4Mi_nb4uJU="></img><br>pizza
<img src="https://media.istockphoto.com/id/1130731707/photo/hot-dog-on-white.jpg?s=612x612&w=0&k=20&c=QI_McOEiNf7lcxx_kq7_LUXJIrBWNMlfqdwDK4JcbvY="></img><br>hot dog,<img src="https://media.istockphoto.com/id/1130731707/photo/hot-dog-on-white.jpg?s=612x612&w=0&k=20&c=QI_McOEiNf7lcxx_kq7_LUXJIrBWNMlfqdwDK4JcbvY="></img><br>hot dog
<img src="https://t3.ftcdn.net/jpg/01/09/75/90/360_F_109759077_SVp62TBuHkSn3UsGW4dBOm9R0ALVetYw.jpg"></img><br>spagetti,<img src="https://t3.ftcdn.net/jpg/01/09/75/90/360_F_109759077_SVp62TBuHkSn3UsGW4dBOm9R0ALVetYw.jpg"></img><br>spaghetti
<img src="https://www.shutterstock.com/image-photo/homemade-bbq-chicken-drumsticks-wings-600nw-2496984187.jpg"></img><br>csirke,<img src="https://www.shutterstock.com/image-photo/homemade-bbq-chicken-drumsticks-wings-600nw-2496984187.jpg"></img><br>chicken
<img src="https://media.istockphoto.com/id/1127471287/photo/cheese-on-white.jpg?s=612x612&w=0&k=20&c=m8kJAfayGrBoqKceiwGAq7SaEDrbZCyPzklYOm3_MBk="></img><br>sajt,<img src="https://media.istockphoto.com/id/1127471287/photo/cheese-on-white.jpg?s=612x612&w=0&k=20&c=m8kJAfayGrBoqKceiwGAq7SaEDrbZCyPzklYOm3_MBk="></img><br>cheese
<img src="https://media.istockphoto.com/id/509009097/photo/delicious-homemade-cherry-pie.jpg?s=612x612&w=0&k=20&c=L9uB0hcTHuZ-fI5GXldYzLgpk_IumkC_Qzi4zOU4BvQ="></img><br>pite,<img src="https://media.istockphoto.com/id/509009097/photo/delicious-homemade-cherry-pie.jpg?s=612x612&w=0&k=20&c=L9uB0hcTHuZ-fI5GXldYzLgpk_IumkC_Qzi4zOU4BvQ="></img><br>pie
<img src="https://media.istockphoto.com/id/1092632852/photo/vegetable-soup.jpg?s=612x612&w=0&k=20&c=TLMWC8lshitbk8pONGpblEsmcsBy1wZVQ9jJC92Cvh4="></img><br>leves,<img src="https://media.istockphoto.com/id/1092632852/photo/vegetable-soup.jpg?s=612x612&w=0&k=20&c=TLMWC8lshitbk8pONGpblEsmcsBy1wZVQ9jJC92Cvh4="></img><br>soup
<img src="https://media.istockphoto.com/id/537228258/photo/mason-jar-glasses-of-homemade-lemonade-on-rustic-wood.jpg?s=612x612&w=0&k=20&c=Cb8WMSL5djmvT1Ob3ROTC43BBKWDZ_wlWuaSYvbVw3Q="></img><br>limonádé,<img src="https://media.istockphoto.com/id/537228258/photo/mason-jar-glasses-of-homemade-lemonade-on-rustic-wood.jpg?s=612x612&w=0&k=20&c=Cb8WMSL5djmvT1Ob3ROTC43BBKWDZ_wlWuaSYvbVw3Q="></img><br>lemonade
<img src="https://encrypted-tbn0.gstatic.com/images?q=tbn:ANd9GcRYs7JGecHAnrwaSEi5RJctbHC65XFLg95QIQ&s"></img><br>ásványvíz,<img src="https://encrypted-tbn0.gstatic.com/images?q=tbn:ANd9GcRYs7JGecHAnrwaSEi5RJctbHC65XFLg95QIQ&s"></img><br>mineral water
<img src="https://img.freepik.com/free-vector/sticker-template-with-ketchup-bottle_1308-58918.jpg"></img><br>kecsap,<img src="https://img.freepik.com/free-vector/sticker-template-with-ketchup-bottle_1308-58918.jpg"></img><br>ketchup