<img src=""><br>állat,<img src=""><br>animal
<img src=""><br>művészet,<img src=""><br>art
<img src=""><br>Ausztrália,<img src=""><br>Australia
<img src=""><br>rossz,<img src=""><br>bad
<img src=""><br>táska,<img src=""><br>bag
<img src=""><br>között,<img src=""><br>between
<img src=""><br>nagy,<img src=""><br>big
<img src=""><br>tábla,<img src=""><br>board
<img src=""><br>unalmas,<img src=""><br>boring
<img src=""><br>Brazília,<img src=""><br>Brazil
<img src=""><br>fényképezőgép,<img src=""><br>camera
<img src=""><br>főváros,<img src=""><br>capital
<img src=""><br>szék,<img src=""><br>chair
<img src=""><br>online csevegés,<img src=""><br>chatting online
<img src=""><br>olcsó,<img src=""><br>cheap
<img src=""><br>Kína,<img src=""><br>China
<img src=""><br>óra,<img src=""><br>clock
<img src=""><br>kabát,<img src=""><br>coat
<img src=""><br>számítógép,<img src=""><br>computer
<img src=""><br>főzni,<img src=""><br>cooking
<img src=""><br>unokatestvér,<img src=""><br>cousin
<img src=""><br>borító,<img src=""><br>cover
<img src=""><br>valuta,<img src=""><br>currency
<img src=""><br>kerékpározik,<img src=""><br>cycling
<img src=""><br>íróasztal,<img src=""><br>desk
<img src=""><br>szótár,<img src=""><br>dictionary
<img src=""><br>fiók,<img src=""><br>drawer
<img src=""><br>Egyiptom,<img src=""><br>Egypt
<img src=""><br>e-mail,<img src=""><br>email
<img src=""><br>különösen,<img src=""><br>especially
<img src=""><br>drága,<img src=""><br>expensive
<img src=""><br>gyors,<img src=""><br>fast
<img src=""><br>kedvenc,<img src=""><br>favourite
<img src=""><br>film,<img src=""><br>film
<img src=""><br>zászló,<img src=""><br>flag
<img src=""><br>jó,<img src=""><br>good
<img src=""><br>hobbi,<img src=""><br>hobby
<img src=""><br>szörnyű,<img src=""><br>horrible
<img src=""><br>személyi igazolvány,<img src=""><br>ID card
<img src=""><br>-ban -ben,<img src=""><br>in
<img src=""><br>India,<img src=""><br>India
<img src=""><br>érdeklődik,<img src=""><br>interested
<img src=""><br>érdekes,<img src=""><br>interesting
<img src=""><br>Olaszország,<img src=""><br>Italy
<img src=""><br>Japán,<img src=""><br>Japan
<img src=""><br>laptop,<img src=""><br>laptop
<img src=""><br>barátokkal való találkozás,<img src=""><br>meeting friends
<img src=""><br>üzenet,<img src=""><br>message
<img src=""><br>Mexikó,<img src=""><br>Mexico
<img src=""><br>mobiltelefon,<img src=""><br>mobile phone
<img src=""><br>zene,<img src=""><br>music
<img src=""><br>állampolgárság,<img src=""><br>nationality
<img src=""><br>közel,<img src=""><br>near
<img src=""><br>új,<img src=""><br>new
<img src=""><br>mellett,<img src=""><br>next to
<img src=""><br>szép,<img src=""><br>nice
<img src=""><br>jegyzetfüzet,<img src=""><br>notebook
<img src=""><br>régi,<img src=""><br>old
<img src=""><br>azon,<img src=""><br>on
<img src=""><br>ellenkező,<img src=""><br>opposite
<img src=""><br>papagáj,<img src=""><br>parrot
<img src=""><br>toll,<img src=""><br>pen
<img src=""><br>emberek,<img src=""><br>people
<img src=""><br>kisállat,<img src=""><br>pet
<img src=""><br>fotózás,<img src=""><br>photography
<img src=""><br>zseb,<img src=""><br>pocket
<img src=""><br>népszerű,<img src=""><br>popular
<img src=""><br>poszter,<img src=""><br>poster
<img src=""><br>ajándék,<img src=""><br>present
<img src=""><br>eléggé,<img src=""><br>quite
<img src=""><br>olvas,<img src=""><br>reading
<img src=""><br>nagyon,<img src=""><br>really
<img src=""><br>polc,<img src=""><br>shelf
<img src=""><br>vásárolni,<img src=""><br>shopping
<img src=""><br>gördeszkázni,<img src=""><br>skateboarding
<img src=""><br>lassú,<img src=""><br>slow
<img src=""><br>kicsi,<img src=""><br>small
<img src=""><br>Spanyolország,<img src=""><br>Spain
<img src=""><br>hangszóró,<img src=""><br>speaker
<img src=""><br>sport,<img src=""><br>sport
<img src=""><br>sportsztár,<img src=""><br>sports star
<img src=""><br>biztos,<img src=""><br>sure
<img src=""><br>asztal,<img src=""><br>table
<img src=""><br>Egyesült Királyság,<img src=""><br>UK
<img src=""><br>USA,<img src=""><br>USA
<img src=""><br>Törökország,<img src=""><br>Turkey
<img src=""><br>alatt,<img src=""><br>under
<img src=""><br>népszerűtlen,<img src=""><br>unpopular
<img src=""><br>videojáték,<img src=""><br>video games
<img src=""><br>tévénézés,<img src=""><br>watching TV
<img src=""><br>3D mozi,<img src=""><br>3D cinema
<img src=""><br>3D film,<img src=""><br>3D film
<img src=""><br>strand,<img src=""><br>beach
<img src=""><br>kerékpár,<img src=""><br>bike
<img src=""><br>híd,<img src=""><br>bridge
<img src=""><br>épület,<img src=""><br>building
<img src=""><br>buszpályaudvar,<img src=""><br>bus station
<img src=""><br>üzlet,<img src=""><br>business
<img src=""><br>kabin,<img src=""><br>cabin
<img src=""><br>kávézó,<img src=""><br>cafe
<img src=""><br>vár,<img src=""><br>castle
<img src=""><br>szakácsnő,<img src=""><br>chef
<img src=""><br>kínai negyed,<img src=""><br>Chinatown
<img src=""><br>mozi,<img src=""><br>cinema
<img src=""><br>tiszta,<img src=""><br>clean
<img src=""><br>mászófal,<img src=""><br>climbing wall
<img src=""><br>kényelmes,<img src=""><br>comfortable
<img src=""><br>hajóút,<img src=""><br>criuse ship
<img src=""><br>veszélyes,<img src=""><br>dangerous
<img src=""><br>piszkos,<img src=""><br>dirty
<img src=""><br>negyed,<img src=""><br>district
<img src=""><br>izgalmas,<img src=""><br>eciting
<img src=""><br>híres,<img src=""><br>famous
<img src=""><br>fantasztikus,<img src=""><br>fantastic
<img src=""><br>távol,<img src=""><br>far
<img src=""><br>lakás,<img src=""><br>flat
<img src=""><br>barátságos,<img src=""><br>friendly
<img src=""><br>segítség,<img src=""><br>help
<img src=""><br>forró,<img src=""><br>hot
<img src=""><br>szálloda,<img src=""><br>hotel
<img src=""><br>könyvtár,<img src=""><br>library
<img src=""><br>piac,<img src=""><br>market
<img src=""><br>modern,<img src=""><br>modern
<img src=""><br>műemlék,<img src=""><br>monument
<img src=""><br>zajos,<img src=""><br>noisy
<img src=""><br>iroda,<img src=""><br>office
<img src=""><br>irodaépület,<img src=""><br>office bilding
<img src=""><br>régi rész,<img src=""><br>old part
<img src=""><br>park,<img src=""><br>park
<img src=""><br>rész,<img src=""><br>part
<img src=""><br>utas,<img src=""><br>passenger
<img src=""><br>repülőgép,<img src=""><br>plane
<img src=""><br>üzem,<img src=""><br>plant
<img src=""><br>lakosság,<img src=""><br>population
<img src=""><br>szép,<img src=""><br>pretty
<img src=""><br>csendes,<img src=""><br>quiet
<img src=""><br>étterem,<img src=""><br>restaurant
<img src=""><br>biztonságos,<img src=""><br>safe
<img src=""><br>iskola,<img src=""><br>school
<img src=""><br>bolt,<img src=""><br>shop
<img src=""><br>bevásárlóközpont,<img src=""><br>shopping centre
<img src=""><br>gördeszkapark,<img src=""><br>skateboart park
<img src=""><br>sportközpont,<img src=""><br>sports centre
<img src=""><br>sportcsapat,<img src=""><br>sports team
<img src=""><br>tér,<img src=""><br>square
<img src=""><br>utca,<img src=""><br>street
<img src=""><br>úszómedence,<img src=""><br>swimming pool
<img src=""><br>magas,<img src=""><br>tall
<img src=""><br>színház,<img src=""><br>theatre
<img src=""><br>turisztikai,<img src=""><br>tourist
<img src=""><br>turisztikai információs központ,<img src=""><br>tourist information centre
<img src=""><br>vasútállomás,<img src=""><br>train station
<img src=""><br>közlekedés,<img src=""><br>transport
<img src=""><br>fa,<img src=""><br>tree
<img src=""><br>csúnya,<img src=""><br>ugly
<img src=""><br>barátságtalan,<img src=""><br>unfriendly
<img src=""><br>üdvözöljük,<img src=""><br>welcome
<img src=""><br>állatkert,<img src=""><br>zoo
<img src=""><br>hozzáadás,<img src=""><br>add
<img src=""><br>szintén,<img src=""><br>also
<img src=""><br>mindig,<img src=""><br>always
<img src=""><br>pékség,<img src=""><br>bakery
<img src=""><br>grillezés,<img src=""><br>barbecue
<img src=""><br>testvér,<img src=""><br>brother
<img src=""><br>fogmosás,<img src=""><br>brush my teeth
<img src=""><br>karnevál,<img src=""><br>carnival
<img src=""><br>ünneplés,<img src=""><br>celebrate
<img src=""><br>ünneplés,<img src=""><br>celebration
<img src=""><br>híresség,<img src=""><br>celebrity
<img src=""><br>online csevegés,<img src=""><br>chat online
<img src=""><br>csevegés barátokkal,<img src=""><br>chat with friends
<img src=""><br>koncert,<img src=""><br>concert
<img src=""><br>főzőtanfolyam,<img src=""><br>cooking class
<img src=""><br>kulturális kvíz,<img src=""><br>culture quiz
<img src=""><br>napi rutin,<img src=""><br>daily routine
<img src=""><br>tánc,<img src=""><br>dance
<img src=""><br>táncverseny,<img src=""><br>dance competition
<img src=""><br>lánya,<img src=""><br>daughter
<img src=""><br>leckét csinálok,<img src=""><br>do my homework
<img src=""><br>korán,<img src=""><br>early
<img src=""><br>óriási,<img src=""><br>enormus
<img src=""><br>arcfestés,<img src=""><br>face painting
<img src=""><br>tűzijáték,<img src=""><br>fireworks
<img src=""><br>általános,<img src=""><br>general
<img src=""><br>hazaérni,<img src=""><br>get home
<img src=""><br>felkelni,<img src=""><br>get up
<img src=""><br>ajándékozni,<img src=""><br>give presents
<img src=""><br>menni a családoddal vagy a barátaiddal,<img src=""><br>go out with your family or friends
<img src=""><br>lefeküdni,<img src=""><br>go to bed
<img src=""><br>iskolába menni,<img src=""><br>go to school
<img src=""><br>unoka,<img src=""><br>granddaughter
<img src=""><br>különleges családi étkezés,<img src=""><br>have a special family meal
<img src=""><br>szünetet tartani,<img src=""><br>have a break
<img src=""><br>reggelizni,<img src=""><br>have breakfast
<img src=""><br>órákat venni,<img src=""><br>have classes
<img src=""><br>vacsorázni,<img src=""><br>have dinner
<img src=""><br>ebédelni,<img src=""><br>have lunch
<img src=""><br>segíteni,<img src=""><br>help
<img src=""><br>segíteni a házimunkában,<img src=""><br>help with the housework
<img src=""><br>nemzetközi,<img src=""><br>international
<img src=""><br>meghívni embereket a házadba,<img src=""><br>invite people to your house
<img src=""><br>oroszlán,<img src=""><br>lion
<img src=""><br>mini,<img src=""><br>mini
<img src=""><br>minibusz,<img src=""><br>minibus
<img src=""><br>soha,<img src=""><br>never
<img src=""><br>normális esetben,<img src=""><br>normally
<img src=""><br>gyakran,<img src=""><br>often
<img src=""><br>szervezett,<img src=""><br>organized
<img src=""><br>felvonulás,<img src=""><br>parade
<img src=""><br>szülő,<img src=""><br>parent
<img src=""><br>zenélni,<img src=""><br>play music
<img src=""><br>videojátékozni,<img src=""><br>play video games
<img src=""><br>műsor,<img src=""><br>programme
<img src=""><br>váltó,<img src=""><br>relay
<img src=""><br>énekelni,<img src=""><br>sing songs
<img src=""><br>nővér,<img src=""><br>sister
<img src=""><br>alvás,<img src=""><br>sleep
<img src=""><br>kanapé,<img src=""><br>sofa
<img src=""><br>néha,<img src=""><br>sometimes
<img src=""><br>fia,<img src=""><br>son
<img src=""><br>hang,<img src=""><br>sound
<img src=""><br>különleges,<img src=""><br>special
<img src=""><br>tanulni,<img src=""><br>study
<img src=""><br>nyár,<img src=""><br>summer
<img src=""><br>általában,<img src=""><br>usually
<img src=""><br>embereket meglátogatni,<img src=""><br>visit people
<img src=""><br>arcot mosni,<img src=""><br>wash my face
<img src=""><br>mosogatni,<img src=""><br>wash the dishes
<img src=""><br>videót nézni,<img src=""><br>watch videos or TV
<img src=""><br>őrült ruhákat vagy jelmezeket viselni,<img src=""><br>wear crazy clothes or costumes
<img src=""><br>weboldal,<img src=""><br>website
<img src=""><br>körülbelül,<img src=""><br>about
<img src=""><br>fogadj örökbe,<img src=""><br>adopt
<img src=""><br>elképesztő,<img src=""><br>amazing
<img src=""><br>körül,<img src=""><br>around
<img src=""><br>cikk,<img src=""><br>article
<img src=""><br>visszafelé,<img src=""><br>backwards
<img src=""><br>denevér,<img src=""><br>bat
<img src=""><br>medve,<img src=""><br>bear
<img src=""><br>gyönyörű,<img src=""><br>beautiful
<img src=""><br>kihal,<img src=""><br>become extinct
<img src=""><br>között,<img src=""><br>between
<img src=""><br>pillangó,<img src=""><br>butterfly
<img src=""><br>teve,<img src=""><br>camel
<img src=""><br>karibu,<img src=""><br>caribou
<img src=""><br>macska,<img src=""><br>cat
<img src=""><br>mászófal,<img src=""><br>climbing wall
<img src=""><br>közeli,<img src=""><br>close-up
<img src=""><br>színes,<img src=""><br>colorful
<img src=""><br>gyakori,<img src=""><br>common
<img src=""><br>kommunikál,<img src=""><br>communicate
<img src=""><br>lény,<img src=""><br>creature
<img src=""><br>krokodil,<img src=""><br>crocodile
<img src=""><br>tánc salsa,<img src=""><br>dance salsa
<img src=""><br>veszély,<img src=""><br>danger
<img src=""><br>kutya,<img src=""><br>dog
<img src=""><br>ital,<img src=""><br>drink
<img src=""><br>unalmas,<img src=""><br>dull
<img src=""><br>sas,<img src=""><br>eagle
<img src=""><br>enni,<img src=""><br>eat
<img src=""><br>elefánt,<img src=""><br>elephant
<img src=""><br>magyarázat,<img src=""><br>explain
<img src=""><br>gazdálkodás,<img src=""><br>farming
<img src=""><br>filmsztár,<img src=""><br>film star
<img src=""><br>hal,<img src=""><br>fish
<img src=""><br>horgászat,<img src=""><br>fishing
<img src=""><br>légy,<img src=""><br>fly
<img src=""><br>például,<img src=""><br>for eample
<img src=""><br>béka,<img src=""><br>frog
<img src=""><br>zsiráf,<img src=""><br>giraffe
<img src=""><br>gorilla,<img src=""><br>gorilla
<img src=""><br>nő,<img src=""><br>grow
<img src=""><br>hall,<img src=""><br>hear
<img src=""><br>nehéz,<img src=""><br>heavy
<img src=""><br>hot dog,<img src=""><br>hot dog
<img src=""><br>vadászat,<img src=""><br>hounting
<img src=""><br>ugrás,<img src=""><br>jump
<img src=""><br>öl,<img src=""><br>kill
<img src=""><br>föld,<img src=""><br>land
<img src=""><br>szórólap,<img src=""><br>leaflet
<img src=""><br>láb,<img src=""><br>leg
<img src=""><br>tetszik,<img src=""><br>like
<img src=""><br>lista,<img src=""><br>list
<img src=""><br>él,<img src=""><br>live
<img src=""><br>sok,<img src=""><br>many
<img src=""><br>mozgás,<img src=""><br>move
<img src=""><br>hangszer,<img src=""><br>musical instrument
<img src=""><br>nemzeti park,<img src=""><br>national park
<img src=""><br>Északi-sark,<img src=""><br>North Pole
<img src=""><br>polip,<img src=""><br>octopus
<img src=""><br>strucc,<img src=""><br>ostrich
<img src=""><br>panda,<img src=""><br>panda
<img src=""><br>bolygó,<img src=""><br>planet
<img src=""><br>szennyezés,<img src=""><br>pollution
<img src=""><br>véd,<img src=""><br>protect
<img src=""><br>gyorsan,<img src=""><br>quickly
<img src=""><br>nyúl,<img src=""><br>rabbit
<img src=""><br>ritka,<img src=""><br>rare
<img src=""><br>patkány,<img src=""><br>rat
<img src=""><br>futás,<img src=""><br>run
<img src=""><br>skorpió,<img src=""><br>scorpion
<img src=""><br>lát,<img src=""><br>see
<img src=""><br>helyzet,<img src=""><br>situation
<img src=""><br>kígyó,<img src=""><br>snake
<img src=""><br>Déli-sark,<img src=""><br>South Pole
<img src=""><br>faj,<img src=""><br>species
<img src=""><br>pók,<img src=""><br>spider
<img src=""><br>erős,<img src=""><br>strong
<img src=""><br>ilyen mint,<img src=""><br>such as
<img src=""><br>túlélő,<img src=""><br>survive
<img src=""><br>úszó,<img src=""><br>swim
<img src=""><br>farok,<img src=""><br>tail
<img src=""><br>csapat,<img src=""><br>team
<img src=""><br>furcsa,<img src=""><br>weird
<img src=""><br>bálna,<img src=""><br>whale
<img src=""><br>vadvilág,<img src=""><br>wildlife
<img src=""><br>vadvédelmi program,<img src=""><br>wildlife programme
<img src=""><br>szárny,<img src=""><br>wing
<img src=""><br>farkas,<img src=""><br>wolf
<img src=""><br>világ,<img src=""><br>world
<img src=""><br>arab,<img src=""><br>Arabic
<img src=""><br>kérdések feltevése,<img src=""><br>ask questions
<img src=""><br>bentlakásos iskola,<img src=""><br>boarding school
<img src=""><br>hajó,<img src=""><br>boat
<img src=""><br>üzleti tanulmányok,<img src=""><br>business studies
<img src=""><br>ellenőrzés,<img src=""><br>check
<img src=""><br>óra,<img src=""><br>class
<img src=""><br>képregény,<img src=""><br>comic
<img src=""><br>kötelező,<img src=""><br>complusory
<img src=""><br>koncentráció,<img src=""><br>concentrate
<img src=""><br>nehéz,<img src=""><br>difficult
<img src=""><br>angol,<img src=""><br>English
<img src=""><br>idegesít,<img src=""><br>annoy
<img src=""><br>vizsga,<img src=""><br>exam
<img src=""><br>csereprogram,<img src=""><br>exchange programme
<img src=""><br>zseniális,<img src=""><br>genius
<img src=""><br>földrajz,<img src=""><br>geography
<img src=""><br>nyelvtan,<img src=""><br>grammar
<img src=""><br>nagyszerű,<img src=""><br>great
<img src=""><br>történelem,<img src=""><br>history
<img src=""><br>házi feladat,<img src=""><br>homework
<img src=""><br>IKT (információs és kommunikációs technológia),<img src=""><br>ICT (Information and Communication Technology)
<img src=""><br>olasz,<img src=""><br>Italian
<img src=""><br>ismer,<img src=""><br>know
<img src=""><br>nyelv,<img src=""><br>language
<img src=""><br>tanulni,<img src=""><br>learn
<img src=""><br>hallgatni,<img src=""><br>listen to
<img src=""><br>hallgatni,<img src=""><br>listening
<img src=""><br>jegyzetet írni,<img src=""><br>make notes
<img src=""><br>mandarin,<img src=""><br>Mandarin
<img src=""><br>matek,<img src=""><br>maths
<img src=""><br>közepes méretű,<img src=""><br>medium-sized
<img src=""><br>pantomim,<img src=""><br>mime
<img src=""><br>szúnyog,<img src=""><br>mosquito
<img src=""><br>füzet,<img src=""><br>notebook
<img src=""><br>testnevelés,<img src=""><br>PE (Physical Education)
<img src=""><br>gyakorlati,<img src=""><br>practical
<img src=""><br>gyakorlat,<img src=""><br>practice
<img src=""><br>általános iskola,<img src=""><br>primary school
<img src=""><br>projekt,<img src=""><br>project
<img src=""><br>kiejtés,<img src=""><br>pronunciation
<img src=""><br>PSHE (Személyes szociális és egészségnevelés),<img src=""><br>PSHE (Personal Social and Health Education)
<img src=""><br>olvas,<img src=""><br>read
<img src=""><br>ismétlés,<img src=""><br>repeat
<img src=""><br>átismétlés,<img src=""><br>revise
<img src=""><br>orosz,<img src=""><br>Russian
<img src=""><br>középiskola,<img src=""><br>secondary school
<img src=""><br>természettudomány,<img src=""><br>science
<img src=""><br>spanyol,<img src=""><br>Spanish
<img src=""><br>beszéd,<img src=""><br>speaking
<img src=""><br>helyesírás,<img src=""><br>spell
<img src=""><br>szigorú,<img src=""><br>strict
<img src=""><br>tantárgy,<img src=""><br>subject
<img src=""><br>tanár,<img src=""><br>teacher
<img src=""><br>tankönyv,<img src=""><br>textbook
<img src=""><br>holnap,<img src=""><br>tomorrow
<img src=""><br>hagyományos,<img src=""><br>traditional
<img src=""><br>megértés,<img src=""><br>understand
<img src=""><br>egyenruha,<img src=""><br>uniform
<img src=""><br>szókincs,<img src=""><br>vocabulary
<img src=""><br>famegmunkálás,<img src=""><br>woodwork
<img src=""><br>szójegyzék,<img src=""><br>wordlist
<img src=""><br>írni,<img src=""><br>write
<img src=""><br>írás,<img src=""><br>writing
<img src=""><br>aktív,<img src=""><br>active
<img src=""><br>tanács,<img src=""><br>advice
<img src=""><br>utána,<img src=""><br>after that
<img src=""><br>alma,<img src=""><br>apple
<img src=""><br>bab,<img src=""><br>beans
<img src=""><br>blog,<img src=""><br>blog
<img src=""><br>tál,<img src=""><br>bowl
<img src=""><br>kenyér,<img src=""><br>bread
<img src=""><br>hamburger,<img src=""><br>hamburger
<img src=""><br>cent,<img src=""><br>cent
<img src=""><br>sajt,<img src=""><br>cheese
<img src=""><br>csirke,<img src=""><br>chicken
<img src=""><br>sültkrumpli,<img src=""><br>chips
<img src=""><br>aprítás,<img src=""><br>chop
<img src=""><br>főzés,<img src=""><br>cook
<img src=""><br>kanapé,<img src=""><br>couch
<img src=""><br>chips,<img src=""><br>crisps
<img src=""><br>desszert,<img src=""><br>dessert
<img src=""><br>étel,<img src=""><br>dish
<img src=""><br>dollár,<img src=""><br>dollar
<img src=""><br>ital,<img src=""><br>drink
<img src=""><br>tojás,<img src=""><br>egg
<img src=""><br>euró,<img src=""><br>euro
<img src=""><br>zsír,<img src=""><br>fat
<img src=""><br>végül,<img src=""><br>finally
<img src=""><br>első,<img src=""><br>first
<img src=""><br>fitt,<img src=""><br>fit
<img src=""><br>szénsavas ital,<img src=""><br>fizzy drink
<img src=""><br>hűtőszekrény,<img src=""><br>fridge
<img src=""><br>gyümölcs,<img src=""><br>fruit
<img src=""><br>szőlő,<img src=""><br>grapes
<img src=""><br>szokás,<img src=""><br>habit
<img src=""><br>egészség,<img src=""><br>health
<img src=""><br>egészséges,<img src=""><br>healthy
<img src=""><br>éhes,<img src=""><br>hungry
<img src=""><br>beteg,<img src=""><br>ill
<img src=""><br>hozzávaló,<img src=""><br>ingredient
<img src=""><br>lé,<img src=""><br>juice
<img src=""><br>bárány,<img src=""><br>lamb
<img src=""><br>lasagne,<img src=""><br>lasagne
<img src=""><br>utolsó,<img src=""><br>last
<img src=""><br>lusta,<img src=""><br>lazy
<img src=""><br>életmód,<img src=""><br>lifestyle
<img src=""><br>uzsonnásdoboz,<img src=""><br>lunchbox
<img src=""><br>főétel,<img src=""><br>main course
<img src=""><br>maraton,<img src=""><br>marathon
<img src=""><br>hús,<img src=""><br>meat
<img src=""><br>elme,<img src=""><br>mind
<img src=""><br>ásványvíz,<img src=""><br>mineral water
<img src=""><br>következő,<img src=""><br>next
<img src=""><br>diófélék,<img src=""><br>nuts
<img src=""><br>olíva,<img src=""><br>olive
<img src=""><br>opció,<img src=""><br>option
<img src=""><br>tészta,<img src=""><br>pasta
<img src=""><br>körte,<img src=""><br>pear
<img src=""><br>penny,<img src=""><br>pence
<img src=""><br>bors,<img src=""><br>pepper
<img src=""><br>font,<img src=""><br>pound
<img src=""><br>mazsola,<img src=""><br>raisin
<img src=""><br>rizs,<img src=""><br>rice
<img src=""><br>saláta,<img src=""><br>salad
<img src=""><br>szendvics,<img src=""><br>sandwich
<img src=""><br>tálalás,<img src=""><br>serve
<img src=""><br>nassolnivaló,<img src=""><br>snack
<img src=""><br>leves,<img src=""><br>soup
<img src=""><br>előétel,<img src=""><br>starter
<img src=""><br>szumó birkózó,<img src=""><br>sumo wrestler
<img src=""><br>édesség,<img src=""><br>sweets
<img src=""><br>ízlés,<img src=""><br>taste
<img src=""><br>ízletes,<img src=""><br>tasty
<img src=""><br>hőmérséklet,<img src=""><br>temperature
<img src=""><br>szomjas,<img src=""><br>thirsty
<img src=""><br>fáradt,<img src=""><br>tired
<img src=""><br>vonat,<img src=""><br>train
<img src=""><br>tonhal,<img src=""><br>tuna
<img src=""><br>tipikus,<img src=""><br>typical
<img src=""><br>nem fitt,<img src=""><br>unfit
<img src=""><br>egészségtelen,<img src=""><br>unhealthy
<img src=""><br>zöldség,<img src=""><br>vegetable
<img src=""><br>vegetáriánus,<img src=""><br>vegetarian
<img src=""><br>árusítóautomata,<img src=""><br>vending machine
<img src=""><br>vitamin,<img src=""><br>vitamin
<img src=""><br>víz,<img src=""><br>water
<img src=""><br>kút (mn.),<img src=""><br>well (adj)
<img src=""><br>jót (adv),<img src=""><br>well (adv)
<img src=""><br>aggódj,<img src=""><br>worry
<img src=""><br>joghurt,<img src=""><br>yoghurt
<img src=""><br>sportoló,<img src=""><br>athlete
<img src=""><br>atlétika,<img src=""><br>athletics
<img src=""><br>kosárlabda,<img src=""><br>basketball
<img src=""><br>csata,<img src=""><br>battle
<img src=""><br>válni,<img src=""><br>become
<img src=""><br>rekordot megdönteni,<img src=""><br>break a record
<img src=""><br>zseniális,<img src=""><br>brilliant
<img src=""><br>bronz,<img src=""><br>bronze
<img src=""><br>karrier,<img src=""><br>career
<img src=""><br>váltás,<img src=""><br>change
<img src=""><br>bajnok,<img src=""><br>champion
<img src=""><br>mászás,<img src=""><br>climbing
<img src=""><br>teljes,<img src=""><br>complete
<img src=""><br>verseny,<img src=""><br>competition
<img src=""><br>versenyző,<img src=""><br>competitor
<img src=""><br>őrült,<img src=""><br>crazy
<img src=""><br>dollár,<img src=""><br>dollar
<img src=""><br>esemény,<img src=""><br>event
<img src=""><br>rajongó,<img src=""><br>fan
<img src=""><br>futball,<img src=""><br>football
<img src=""><br>gól,<img src=""><br>goal
<img src=""><br>arany,<img src=""><br>gold
<img src=""><br>golf,<img src=""><br>golf
<img src=""><br>torna,<img src=""><br>gymnastics
<img src=""><br>hoki,<img src=""><br>hockey
<img src=""><br>lovaglás,<img src=""><br>horse-riding
<img src=""><br>jégkorong,<img src=""><br>ice hockey
<img src=""><br>internet,<img src=""><br>internet
<img src=""><br>utazás,<img src=""><br>journey
<img src=""><br>junior,<img src=""><br>junior
<img src=""><br>utolsó,<img src=""><br>last
<img src=""><br>mérkőzés,<img src=""><br>match
<img src=""><br>érem,<img src=""><br>medal
<img src=""><br>érmes,<img src=""><br>medallist
<img src=""><br>hírvivő,<img src=""><br>messenger
<img src=""><br>pillanat,<img src=""><br>moment
<img src=""><br>hírek,<img src=""><br>news
<img src=""><br>olimpia,<img src=""><br>Olympics
<img src=""><br>játékos,<img src=""><br>player
<img src=""><br>verseny,<img src=""><br>race
<img src=""><br>rögbi,<img src=""><br>rugby
<img src=""><br>vitorlázás,<img src=""><br>sailing
<img src=""><br>eredmény,<img src=""><br>score
<img src=""><br>ezüst,<img src=""><br>silver
<img src=""><br>síelés,<img src=""><br>skiing
<img src=""><br>néző,<img src=""><br>spectator
<img src=""><br>költés,<img src=""><br>spend
<img src=""><br>sprint,<img src=""><br>sprint
<img src=""><br>stadion,<img src=""><br>stadium
<img src=""><br>kezdőjátékos,<img src=""><br>starter
<img src=""><br>furcsa,<img src=""><br>strange
<img src=""><br>úszás,<img src=""><br>swimming
<img src=""><br>asztalitenisz,<img src=""><br>tabletennis
<img src=""><br>tenisz,<img src=""><br>tennis
<img src=""><br>szöveg,<img src=""><br>text
<img src=""><br>utazás,<img src=""><br>travel
<img src=""><br>kirándulás,<img src=""><br>trip
<img src=""><br>röplabda,<img src=""><br>volleyball
<img src=""><br>háború,<img src=""><br>war
<img src=""><br>nézés,<img src=""><br>watch
<img src=""><br>győzelem,<img src=""><br>win
<img src=""><br>győztes,<img src=""><br>winner
<img src=""><br>birkózás,<img src=""><br>wrestling
<img src=""><br>színész,<img src=""><br>actor
<img src=""><br>színésznő,<img src=""><br>actress
<img src=""><br>aposztróf,<img src=""><br>apostrophe
<img src=""><br>látszólag,<img src=""><br>apparently
<img src=""><br>avatár,<img src=""><br>avatar
<img src=""><br>átlagos,<img src=""><br>average
<img src=""><br>kopasz,<img src=""><br>bald
<img src=""><br>szakáll,<img src=""><br>beard
<img src=""><br>fekete,<img src=""><br>black
<img src=""><br>szőke,<img src=""><br>blonde
<img src=""><br>épít,<img src=""><br>build
<img src=""><br>nagybetű,<img src=""><br>capital letter
<img src=""><br>gyűjt,<img src=""><br>collect
<img src=""><br>vessző,<img src=""><br>comma
<img src=""><br>göndör,<img src=""><br>curly
<img src=""><br>aranyos,<img src=""><br>cute
<img src=""><br>sötétbarna,<img src=""><br>dark brown
<img src=""><br>leírás,<img src=""><br>description
<img src=""><br>meghalni,<img src=""><br>die
<img src=""><br>pontos,<img src=""><br>exactl
<img src=""><br>felkiáltójel,<img src=""><br>exlamation mark
<img src=""><br>filmrendező,<img src=""><br>film director
<img src=""><br>pont,<img src=""><br>full stop
<img src=""><br>gyengéd,<img src=""><br>gentle
<img src=""><br>munkát vállalni,<img src=""><br>get a job
<img src=""><br>képzettséget szerezni,<img src=""><br>get a qualification
<img src=""><br>házasodni,<img src=""><br>get married
<img src=""><br>óriás,<img src=""><br>giant
<img src=""><br>szemüveg,<img src=""><br>glasses
<img src=""><br>iskolába járni,<img src=""><br>go to school
<img src=""><br>egyetemre járni,<img src=""><br>go to university
<img src=""><br>zöld,<img src=""><br>green
<img src=""><br>szürke,<img src=""><br>grey
<img src=""><br>felnőni,<img src=""><br>grow up
<img src=""><br>gyerekeket vállalni,<img src=""><br>have children
<img src=""><br>magasság,<img src=""><br>height
<img src=""><br>dőlt,<img src=""><br>italics
<img src=""><br>kulcspillanat,<img src=""><br>key moment
<img src=""><br>elhagyni az iskolát,<img src=""><br>leave school
<img src=""><br>világosbarna,<img src=""><br>light brown
<img src=""><br>logikus sorrend,<img src=""><br>logical order
<img src=""><br>hosszú,<img src=""><br>long
<img src=""><br>bajusz,<img src=""><br>moustache
<img src=""><br>kihagyni,<img src=""><br>omit
<img src=""><br>túlsúlyos,<img src=""><br>overweight
<img src=""><br>magánélet,<img src=""><br>personal life
<img src=""><br>kérdőjel,<img src=""><br>question mark
<img src=""><br>reagálni,<img src=""><br>react
<img src=""><br>piros,<img src=""><br>red
<img src=""><br>kerek,<img src=""><br>round
<img src=""><br>szomorú,<img src=""><br>sad
<img src=""><br>alacsony,<img src=""><br>short
<img src=""><br>bőr,<img src=""><br>skin
<img src=""><br>karcsú,<img src=""><br>slim
<img src=""><br>tüskés,<img src=""><br>spiky
<img src=""><br>szögletes,<img src=""><br>square
<img src=""><br>egyenes,<img src=""><br>straight
<img src=""><br>napszemüveg,<img src=""><br>sunglasses
<img src=""><br>szörfözés,<img src=""><br>surfing
<img src=""><br>vesz,<img src=""><br>take
<img src=""><br>vékony,<img src=""><br>thin
<img src=""><br>teherautó-sofőr,<img src=""><br>truck driver
<img src=""><br>korrepetitor,<img src=""><br>tutor
<img src=""><br>ősz,<img src=""><br>autumn
<img src=""><br>kempingezés,<img src=""><br>camping
<img src=""><br>táborhely,<img src=""><br>campsite
<img src=""><br>cipelés,<img src=""><br>carry
<img src=""><br>felhős,<img src=""><br>cloudy
<img src=""><br>hideg,<img src=""><br>cold
<img src=""><br>kontinens,<img src=""><br>continent
<img src=""><br>hűvös,<img src=""><br>cool
<img src=""><br>hajózás,<img src=""><br>cruise
<img src=""><br>kerékpáros,<img src=""><br>cyclist
<img src=""><br>ködös,<img src=""><br>foggy
<img src=""><br>vizes lesz,<img src=""><br>get wet
<img src=""><br>elmegy,<img src=""><br>go away
<img src=""><br>útmutató,<img src=""><br>guidebook
<img src=""><br>forró,<img src=""><br>hot
<img src=""><br>hatalmas,<img src=""><br>huge
<img src=""><br>jégkorong,<img src=""><br>ice hockey
<img src=""><br>jeges,<img src=""><br>icy
<img src=""><br>rovarspray,<img src=""><br>insect spray
<img src=""><br>villámlás,<img src=""><br>lightning
<img src=""><br>lottó,<img src=""><br>lottery
<img src=""><br>szerencsés,<img src=""><br>lucky
<img src=""><br>szabadtéri,<img src=""><br>outdoor
<img src=""><br>pingvin,<img src=""><br>penguin
<img src=""><br>zsebkéses bicska,<img src=""><br>penknife
<img src=""><br>kifejezésgyűjtemény,<img src=""><br>phrasebook
<img src=""><br>piknik,<img src=""><br>picnic
<img src=""><br>terv,<img src=""><br>plan
<img src=""><br>jegesmedve,<img src=""><br>polar bear
<img src=""><br>hozzászólás írása,<img src=""><br>post a comment
<img src=""><br>valószínűleg,<img src=""><br>probably
<img src=""><br>ígéret,<img src=""><br>promise
<img src=""><br>esős,<img src=""><br>rainy
<img src=""><br>hátizsák,<img src=""><br>rucksack
<img src=""><br>sampon,<img src=""><br>shampoo
<img src=""><br>hálózsák,<img src=""><br>sleeping bag
<img src=""><br>havas,<img src=""><br>snowy
<img src=""><br>szappan,<img src=""><br>soap
<img src=""><br>tavasz,<img src=""><br>spring
<img src=""><br>maradj,<img src=""><br>stay
<img src=""><br>viharos,<img src=""><br>stormy
<img src=""><br>bőrönd,<img src=""><br>suitcase
<img src=""><br>naptej,<img src=""><br>sun cream
<img src=""><br>napos,<img src=""><br>sunny
<img src=""><br>szörfözés,<img src=""><br>surfing
<img src=""><br>úszóruha,<img src=""><br>swimming costume
<img src=""><br>sátor,<img src=""><br>tent
<img src=""><br>mennydörgés,<img src=""><br>thunder
<img src=""><br>fogkefe,<img src=""><br>toothbrush
<img src=""><br>fogkrém,<img src=""><br>toothpaste
<img src=""><br>zseblámpa,<img src=""><br>torch
<img src=""><br>törölköző,<img src=""><br>towel
<img src=""><br>törzsek,<img src=""><br>trunks
<img src=""><br>mosdózsák,<img src=""><br>washbag
<img src=""><br>vizespalack,<img src=""><br>water bottle
<img src=""><br>vízálló ruhák,<img src=""><br>waterproofs
<img src=""><br>időjárás,<img src=""><br>weather
<img src=""><br>súlyzó,<img src=""><br>weigh
<img src=""><br>nedves,<img src=""><br>wet
<img src=""><br>szél,<img src=""><br>wind
<img src=""><br>szeles,<img src=""><br>windy
<img src=""><br>tél,<img src=""><br>winter
<img src=""><br>könyvesbolt,<img src=""><br>bookshop
<img src=""><br>hentesüzlet,<img src=""><br>butcher's
<img src=""><br>gyógyszertár,<img src=""><br>chemist's
<img src=""><br>halárus,<img src=""><br>fishmonger's
<img src=""><br>pékség,<img src=""><br>baker's
<img src=""><br>ruhabolt,<img src=""><br>clothes shop
<img src=""><br>zöldségbolt,<img src=""><br>greengrocer's
<img src=""><br>újságos,<img src=""><br>newsagent's
<img src=""><br>konyha,<img src=""><br>kitchen
<img src=""><br>dolgozószoba,<img src=""><br>study
<img src=""><br>nappali,<img src=""><br>living room
<img src=""><br>kert,<img src=""><br>garden
<img src=""><br>hálószoba,<img src=""><br>bedroom
<img src=""><br>étkező,<img src=""><br>dining room
<img src=""><br>fürdőszoba,<img src=""><br>bathroom
<img src=""><br>garázs,<img src=""><br>garage
<img src=""><br>fej,<img src=""><br>head
<img src=""><br>nyak,<img src=""><br>neck
<img src=""><br>haj,<img src=""><br>hair
<img src=""><br>szem,<img src=""><br>eye
<img src=""><br>orr,<img src=""><br>nose
<img src=""><br>száj,<img src=""><br>mouth
<img src=""><br>kéz,<img src=""><br>hand
<img src=""><br>láb,<img src=""><br>foot
<img src=""><br>lábszár,<img src=""><br>leg
<img src=""><br>boka,<img src=""><br>ankle
<img src=""><br>hát,<img src=""><br>back
<img src=""><br>kar,<img src=""><br>arm
<img src=""><br>könyök,<img src=""><br>elbow
<img src=""><br>gazda,<img src=""><br>farmer
<img src=""><br>művész,<img src=""><br>artist
<img src=""><br>üzletasszony,<img src=""><br>business woman
<img src=""><br>építőipari építőmester,<img src=""><br>builder
<img src=""><br>fogorvos,<img src=""><br>dentist
<img src=""><br>mérnök,<img src=""><br>engineer
<img src=""><br>ügyvéd,<img src=""><br>lawyer
<img src=""><br>bolti eladó,<img src=""><br>shop assistant
<img src=""><br>tűzoltó,<img src=""><br>fireman
<img src=""><br>rendőr,<img src=""><br>policeman
<img src=""><br>sütés,<img src=""><br>bake
<img src=""><br>sütés,<img src=""><br>fry
<img src=""><br>melegítés,<img src=""><br>heat
<img src=""><br>keverés,<img src=""><br>mix
<img src=""><br>főzés,<img src=""><br>boil
<img src=""><br>aranyos,<img src=""><br>cute
<img src=""><br>sütés,<img src=""><br>roast
<img src=""><br>grillezés,<img src=""><br>grill
<img src=""><br>labda,<img src=""><br>ball
<img src=""><br>baseball ütő,<img src=""><br>bat
<img src=""><br>háló,<img src=""><br>net
<img src=""><br>gördeszka,<img src=""><br>skateboard
<img src=""><br>teniszütő,<img src=""><br>racket
<img src=""><br>bot,<img src=""><br>stick
<img src=""><br>szörfdeszka,<img src=""><br>surfboard
<img src=""><br>korcsolya,<img src=""><br>skates
<img src=""><br>barátkozás,<img src=""><br>make friends
<img src=""><br>tanfolyam elvégzése,<img src=""><br>do a course
<img src=""><br>vizsgázás,<img src=""><br>take an exam
<img src=""><br>házvásárlás,<img src=""><br>buy a house
<img src=""><br>költözik,<img src=""><br>move house
<img src=""><br>nyugdíjba vonulás,<img src=""><br>retire
<img src=""><br>délután,<img src=""><br>afternoon
<img src=""><br>művész,<img src=""><br>art
<img src=""><br>légkör,<img src=""><br>atmosphere
<img src=""><br>néni,<img src=""><br>aunt
<img src=""><br>baba,<img src=""><br>baby
<img src=""><br>hátizsák,<img src=""><br>backpack
<img src=""><br>biológia,<img src=""><br>biology
<img src=""><br>tömb,<img src=""><br>block
<img src=""><br>könyv,<img src=""><br>book
<img src=""><br>szünet,<img src=""><br>break
<img src=""><br>testvér,<img src=""><br>brother
<img src=""><br>kémia,<img src=""><br>chemistry
<img src=""><br>gyermek,<img src=""><br>child
<img src=""><br>osztály,<img src=""><br>class
<img src=""><br>osztálytárs,<img src=""><br>classmate
<img src=""><br>másolat,<img src=""><br>copy
<img src=""><br>unokatestvér,<img src=""><br>cousin
<img src=""><br>őrült,<img src=""><br>crazy
<img src=""><br>csinos,<img src=""><br>cute
<img src=""><br>apu,<img src=""><br>dad
<img src=""><br>lánya,<img src=""><br>daughter
<img src=""><br>határozottan,<img src=""><br>definitely
<img src=""><br>kettős,<img src=""><br>double
<img src=""><br>vizsga,<img src=""><br>examam
<img src=""><br>gyakorlat,<img src=""><br>excercise
<img src=""><br>mező,<img src=""><br>field
<img src=""><br>végül,<img src=""><br>finally
<img src=""><br>vicces,<img src=""><br>funny
<img src=""><br>bútor,<img src=""><br>forniture
<img src=""><br>földrajz,<img src=""><br>geography
<img src=""><br>unoka,<img src=""><br>granddaughter
<img src=""><br>nagyapa,<img src=""><br>grandfather
<img src=""><br>nagymama,<img src=""><br>grandmother
<img src=""><br>unokája,<img src=""><br>grandson
<img src=""><br>történelem,<img src=""><br>history
<img src=""><br>házi feladat,<img src=""><br>homework
<img src=""><br>férj,<img src=""><br>husband
<img src=""><br>laboratórium,<img src=""><br>laboratory
<img src=""><br>laptop,<img src=""><br>laptop
<img src=""><br>jel,<img src=""><br>mark
<img src=""><br>matematika,<img src=""><br>maths
<img src=""><br>reggel,<img src=""><br>morning
<img src=""><br>mama,<img src=""><br>mum
<img src=""><br>tiszta,<img src=""><br>neat
<img src=""><br>unokaöcs,<img src=""><br>nephew
<img src=""><br>unokahúg,<img src=""><br>niece
<img src=""><br>jegyzetfüzet,<img src=""><br>notebook
<img src=""><br>jegyzetek,<img src=""><br>notes
<img src=""><br>oxigén,<img src=""><br>oxygen
<img src=""><br>fényképezés,<img src=""><br>photography
<img src=""><br>poszter,<img src=""><br>poster
<img src=""><br>elnök,<img src=""><br>president
<img src=""><br>igazi,<img src=""><br>real
<img src=""><br>szoba,<img src=""><br>room
<img src=""><br>tudomány,<img src=""><br>science
<img src=""><br>nővér,<img src=""><br>sister
<img src=""><br>büdös,<img src=""><br>smelly
<img src=""><br>fiú,<img src=""><br>son
<img src=""><br>tartalék,<img src=""><br>spare
<img src=""><br>csillag,<img src=""><br>star
<img src=""><br>állami,<img src=""><br>state
<img src=""><br>szigorú,<img src=""><br>strict
<img src=""><br>diák,<img src=""><br>student
<img src=""><br>tanár,<img src=""><br>teacher
<img src=""><br>csapat,<img src=""><br>team
<img src=""><br>teszt,<img src=""><br>test
<img src=""><br>nyakkendő,<img src=""><br>tie
<img src=""><br>menetrend,<img src=""><br>timetable
<img src=""><br>kemény,<img src=""><br>tough
<img src=""><br>iker,<img src=""><br>twin
<img src=""><br>nagybácsi,<img src=""><br>uncle
<img src=""><br>üdvözöl,<img src=""><br>welcome
<img src=""><br>feleség,<img src=""><br>wife
<img src=""><br>aggodalom,<img src=""><br>worry
<img src=""><br>nulla,<img src=""><br>zero
<img src=""><br>tanács,<img src=""><br>advice
<img src=""><br>megenged,<img src=""><br>allow
<img src=""><br>bosszant,<img src=""><br>annoy
<img src=""><br>az iskolában,<img src=""><br>at school
<img src=""><br>az üzletekben,<img src=""><br>at the shops
<img src=""><br>atlétika,<img src=""><br>athletics
<img src=""><br>süteményt sütni,<img src=""><br>bake cake
<img src=""><br>tilalom,<img src=""><br>ban
<img src=""><br>benne lenni,<img src=""><br>be into
<img src=""><br>biciklizés,<img src=""><br>bike ride
<img src=""><br>blog,<img src=""><br>blog
<img src=""><br>zavarta,<img src=""><br>bothered
<img src=""><br>dolgokat gyűjteni,<img src=""><br>collect things
<img src=""><br>sportolj,<img src=""><br>do sport
<img src=""><br>rajzolj egy képet,<img src=""><br>draw a picture
<img src=""><br>gyakorlat,<img src=""><br>excercise
<img src=""><br>megmagyarázni,<img src=""><br>explain
<img src=""><br>fórum,<img src=""><br>forum
<img src=""><br>szabadidő,<img src=""><br>free time
<img src=""><br>tánc,<img src=""><br>dancing
<img src=""><br>online,<img src=""><br>online
<img src=""><br>lovaglás,<img src=""><br>riding
<img src=""><br>bevásárlás,<img src=""><br>shopping
<img src=""><br>mozi,<img src=""><br>cinema
<img src=""><br>szokás,<img src=""><br>habit
<img src=""><br>hobbi,<img src=""><br>hobby
<img src=""><br>egy fastfoow étteremben,<img src=""><br>in a fastfoow restaurant
<img src=""><br>az ágyban,<img src=""><br>in bed
<img src=""><br>a szobámban,<img src=""><br>in my room
<img src=""><br>az autóban,<img src=""><br>in the car
<img src=""><br>vidéken,<img src=""><br>in the countryside
<img src=""><br>a játszótéren,<img src=""><br>in the playground
<img src=""><br>a városban,<img src=""><br>in town
<img src=""><br>fedett,<img src=""><br>indoors
<img src=""><br>hagyja,<img src=""><br>let
<img src=""><br>élet,<img src=""><br>life
<img src=""><br>zenét hallgatni,<img src=""><br>listen to music
<img src=""><br>szerencsés,<img src=""><br>lucky
<img src=""><br>mérges,<img src=""><br>mad about
<img src=""><br>fő-,<img src=""><br>main
<img src=""><br>videókat készíteni,<img src=""><br>make videos
<img src=""><br>barátokkal találkozni,<img src=""><br>meet friends
<img src=""><br>elme,<img src=""><br>mind
<img src=""><br>nan,<img src=""><br>nan
<img src=""><br>normál,<img src=""><br>normal
<img src=""><br>közel,<img src=""><br>near
<img src=""><br>normál,<img src=""><br>normal
<img src=""><br>a buszon,<img src=""><br>on the bus
<img src=""><br>a telefonon,<img src=""><br>on the phone
<img src=""><br>szabadban,<img src=""><br>outdoors
<img src=""><br>festék,<img src=""><br>paint
<img src=""><br>festeni egy képet,<img src=""><br>paint a picture
<img src=""><br>hangszeren játszani,<img src=""><br>play an instrument
<img src=""><br>profil,<img src=""><br>profile
<img src=""><br>kérdőív,<img src=""><br>questionnaire
<img src=""><br>jobbra,<img src=""><br>right
<img src=""><br>rutin,<img src=""><br>routine
<img src=""><br>szabály,<img src=""><br>rule
<img src=""><br>pontszám,<img src=""><br>score
<img src=""><br>képernyő,<img src=""><br>screen
<img src=""><br>tölt,<img src=""><br>spend
<img src=""><br>maradj későn az ágyban,<img src=""><br>stay in bed late
<img src=""><br>teljes,<img src=""><br>total
<img src=""><br>edző,<img src=""><br>trainer
<img src=""><br>séta,<img src=""><br>walk
<img src=""><br>tévét nézni,<img src=""><br>watch TV
<img src=""><br>weboldal,<img src=""><br>webpage
<img src=""><br>hétvége,<img src=""><br>weekend
<img src=""><br>történeteket írni,<img src=""><br>write stories
<img src=""><br>hozzáad,<img src=""><br>add
<img src=""><br>félni,<img src=""><br>afraid
<img src=""><br>dühös,<img src=""><br>angry
<img src=""><br>elkötelezte magát,<img src=""><br>be engaged
<img src=""><br>elfoglalt,<img src=""><br>be busy
<img src=""><br>hívja vissza,<img src=""><br>call back
<img src=""><br>kártya,<img src=""><br>card
<img src=""><br>kommunikáció,<img src=""><br>communication
<img src=""><br>összehasonlítva,<img src=""><br>compared
<img src=""><br>folytassa,<img src=""><br>continue
<img src=""><br>hitel,<img src=""><br>credit
<img src=""><br>kultúra,<img src=""><br>culture
<img src=""><br>arra szentelt,<img src=""><br>dedicated to
<img src=""><br>részlet,<img src=""><br>detail
<img src=""><br>tárcsázzon egy számot,<img src=""><br>dial a number
<img src=""><br>csengőhang letöltése,<img src=""><br>download a ringtone
<img src=""><br>email,<img src=""><br>email
<img src=""><br>emoji,<img src=""><br>emoji
<img src=""><br>hangulatjel,<img src=""><br>emoticon
<img src=""><br>négyszemközti beszélgetés,<img src=""><br>face-to-face conversation
<img src=""><br>tényfájl,<img src=""><br>fact file
<img src=""><br>érzés,<img src=""><br>feeling
<img src=""><br>tegye le a telefont,<img src=""><br>hang up
<img src=""><br>alig,<img src=""><br>hardly
<img src=""><br>figyelmen kívül hagyni,<img src=""><br>ignore
<img src=""><br>kártyázik,<img src=""><br>play cards
<img src=""><br>takaros,<img src=""><br>tidy
<img src=""><br>zenekarban játszani,<img src=""><br>play in a band
<img src=""><br>menjen kirándulni,<img src=""><br>go hiking
<img src=""><br>gyakorolni,<img src=""><br>do excercise
<img src=""><br>fényképeket készíteni,<img src=""><br>take photos
<img src=""><br>fontos,<img src=""><br>important
<img src=""><br>azonnali üzenetküldés,<img src=""><br>instant messeging
<img src=""><br>nemzetközi,<img src=""><br>international
<img src=""><br>interjú,<img src=""><br>interview
<img src=""><br>bevezetés,<img src=""><br>introduction
<img src=""><br>vezetékes,<img src=""><br>landline
<img src=""><br>hagyjon hangüzenetet,<img src=""><br>leave a voicemail
<img src=""><br>levél,<img src=""><br>letter
<img src=""><br>vonal,<img src=""><br>line
<img src=""><br>készítsd el,<img src=""><br>make it
<img src=""><br>talán,<img src=""><br>maybe
<img src=""><br>mobiltelefon,<img src=""><br>mobile phone
<img src=""><br>hír,<img src=""><br>news
<img src=""><br>terv,<img src=""><br>plan
<img src=""><br>pont,<img src=""><br>point
<img src=""><br>úgy tenni mintha,<img src=""><br>pretend
<img src=""><br>nyilvános hely,<img src=""><br>public place
<img src=""><br>tegyen kihangosítót,<img src=""><br>put a speakerphone
<img src=""><br>recepció,<img src=""><br>reception
<img src=""><br>jelentés,<img src=""><br>report
<img src=""><br>válasz,<img src=""><br>response
<img src=""><br>gyűrű,<img src=""><br>ring
<img src=""><br>küldjön egy szöveges üzenetet,<img src=""><br>send a text message
<img src=""><br>megmutat,<img src=""><br>show
<img src=""><br>jel,<img src=""><br>sign
<img src=""><br>buta,<img src=""><br>silly
<img src=""><br>bőr,<img src=""><br>skin
<img src=""><br>közösségi média,<img src=""><br>social media
<img src=""><br>hang,<img src=""><br>sound
<img src=""><br>szólaljon meg,<img src=""><br>speak up
<img src=""><br>különleges,<img src=""><br>special
<img src=""><br>Persze,<img src=""><br>sure
<img src=""><br>meglepődött,<img src=""><br>surprised
<img src=""><br>okostelefon,<img src=""><br>smartphone
<img src=""><br>webkamera,<img src=""><br>webcam
<img src=""><br>fejhallgató,<img src=""><br>headphones
<img src=""><br>számítógépes egér,<img src=""><br>mouse
<img src=""><br>laptop,<img src=""><br>laptop
<img src=""><br>billentyűzet,<img src=""><br>keyboard
<img src=""><br>szimbólum,<img src=""><br>symbol
<img src=""><br>szöveg,<img src=""><br>text
<img src=""><br>szöveges üzenet,<img src=""><br>text message
<img src=""><br>feltölteni,<img src=""><br>top up
<img src=""><br>valóban,<img src=""><br>truly
<img src=""><br>típus,<img src=""><br>type
<img src=""><br>hasznos,<img src=""><br>useful
<img src=""><br>videó karakter,<img src=""><br>video character
<img src=""><br>győzelem,<img src=""><br>win
<img src=""><br>csodál,<img src=""><br>admire
<img src=""><br>élő,<img src=""><br>alive
<img src=""><br>hadsereg,<img src=""><br>army
<img src=""><br>csillagász,<img src=""><br>astronomer
<img src=""><br>szörnyű,<img src=""><br>awful
<img src=""><br>azték,<img src=""><br>Aztec
<img src=""><br>barbecue,<img src=""><br>barbecue
<img src=""><br>csata,<img src=""><br>battle
<img src=""><br>unalmas,<img src=""><br>boring
<img src=""><br>barát,<img src=""><br>boyfriend
<img src=""><br>bátor,<img src=""><br>brave
<img src=""><br>ragyogó,<img src=""><br>brilliant
<img src=""><br>épület,<img src=""><br>building
<img src=""><br>ünnepel,<img src=""><br>celebrate
<img src=""><br>gyűjtemény,<img src=""><br>collection
<img src=""><br>jön,<img src=""><br>come
<img src=""><br>halott,<img src=""><br>dead
<img src=""><br>dinoszaurusz,<img src=""><br>dinosaur
<img src=""><br>felfedezni,<img src=""><br>discover
<img src=""><br>kijelző,<img src=""><br>display
<img src=""><br>hatalmas,<img src=""><br>enormous
<img src=""><br>esemény,<img src=""><br>event
<img src=""><br>izgalmas,<img src=""><br>exciting
<img src=""><br>kiállít,<img src=""><br>exhibit
<img src=""><br>kiállítás,<img src=""><br>exhibition
<img src=""><br>fedezze fel,<img src=""><br>explore
<img src=""><br>érezni,<img src=""><br>feel
<img src=""><br>harc,<img src=""><br>fight
<img src=""><br>talál,<img src=""><br>find
<img src=""><br>tűzijáték,<img src=""><br>firework
<img src=""><br>repülő gép,<img src=""><br>flying machine
<img src=""><br>kap,<img src=""><br>get
<img src=""><br>szobor,<img src=""><br>statue
<img src=""><br>székesegyház,<img src=""><br>cathedral
<img src=""><br>palota,<img src=""><br>palace
<img src=""><br>mecset,<img src=""><br>mosque
<img src=""><br>szökőkút,<img src=""><br>fountain
<img src=""><br>vár,<img src=""><br>castle
<img src=""><br>templom,<img src=""><br>temple
<img src=""><br>ad,<img src=""><br>give
<img src=""><br>menjen kirándulni,<img src=""><br>go hiking
<img src=""><br>hajvágás,<img src=""><br>haircut
<img src=""><br>van,<img src=""><br>have
<img src=""><br>fejhallgató,<img src=""><br>headphones
<img src=""><br>helikopter,<img src=""><br>helicopter
<img src=""><br>Segítség,<img src=""><br>help
<img src=""><br>becsületes,<img src=""><br>honest
<img src=""><br>szörnyű,<img src=""><br>horrible
<img src=""><br>ember,<img src=""><br>human
<img src=""><br>beront,<img src=""><br>invade
<img src=""><br>feltalál,<img src=""><br>invent
<img src=""><br>találmány,<img src=""><br>invention
<img src=""><br>utazás,<img src=""><br>journey
<img src=""><br>fajta,<img src=""><br>kind
<img src=""><br>király,<img src=""><br>king
<img src=""><br>ólom,<img src=""><br>lead
<img src=""><br>néz,<img src=""><br>look
<img src=""><br>veszít,<img src=""><br>lose
<img src=""><br>mérkőzés,<img src=""><br>match
<img src=""><br>találkozik,<img src=""><br>meet
<img src=""><br>hold,<img src=""><br>moon
<img src=""><br>motorkerékpár,<img src=""><br>motorbike
<img src=""><br>zaj,<img src=""><br>noise
<img src=""><br>értesítés,<img src=""><br>notice
<img src=""><br>tárgy,<img src=""><br>object
<img src=""><br>ejtőernyő,<img src=""><br>parachute
<img src=""><br>buli,<img src=""><br>party
<img src=""><br>periódus,<img src=""><br>period
<img src=""><br>játék,<img src=""><br>play
<img src=""><br>szegény,<img src=""><br>poor
<img src=""><br>népszerű,<img src=""><br>popular
<img src=""><br>piramis,<img src=""><br>pyramid
<img src=""><br>királynő,<img src=""><br>queen
<img src=""><br>gyorsan,<img src=""><br>quickly
<img src=""><br>megnyugtató,<img src=""><br>relaxing
<img src=""><br>gazdag,<img src=""><br>rich
<img src=""><br>szabály,<img src=""><br>rule
<img src=""><br>áldozat,<img src=""><br>sacrifice
<img src=""><br>ijesztő,<img src=""><br>scary
<img src=""><br>lát,<img src=""><br>see
<img src=""><br>beteg,<img src=""><br>sick
<img src=""><br>rabszolga,<img src=""><br>slave
<img src=""><br>rabszolgaság,<img src=""><br>slavery
<img src=""><br>marad,<img src=""><br>stay
<img src=""><br>furcsa,<img src=""><br>strange
<img src=""><br>meglepetés,<img src=""><br>surprise
<img src=""><br>fényképeket készíteni,<img src=""><br>take photos
<img src=""><br>távcső,<img src=""><br>telescope
<img src=""><br>a Tejút,<img src=""><br>the Milky Way
<img src=""><br>apró,<img src=""><br>tiny
<img src=""><br>kereskedő,<img src=""><br>trader
<img src=""><br>szállítás,<img src=""><br>transport
<img src=""><br>utazás,<img src=""><br>travel
<img src=""><br>utazás,<img src=""><br>trip
<img src=""><br>népszerűtlen,<img src=""><br>unpopular
<img src=""><br>Viking,<img src=""><br>Viking
<img src=""><br>VIP,<img src=""><br>VIP
<img src=""><br>látogatás,<img src=""><br>visit
<img src=""><br>háború,<img src=""><br>war
<img src=""><br>óra,<img src=""><br>watch
<img src=""><br>esküvő,<img src=""><br>wedding
<img src=""><br>nedves,<img src=""><br>wet
<img src=""><br>elképesztő,<img src=""><br>amazing
<img src=""><br>szög,<img src=""><br>angle
<img src=""><br>háttér,<img src=""><br>background
<img src=""><br>rossz,<img src=""><br>bad
<img src=""><br>rosszul,<img src=""><br>badly
<img src=""><br>mögött,<img src=""><br>behind
<img src=""><br>alsó,<img src=""><br>bottom
<img src=""><br>bátran,<img src=""><br>bravely
<img src=""><br>buldózer,<img src=""><br>bulldozer
<img src=""><br>bozóttűz,<img src=""><br>bush fire
<img src=""><br>óvatos,<img src=""><br>careful
<img src=""><br>gondosan,<img src=""><br>carefully
<img src=""><br>híresség,<img src=""><br>celebrity
<img src=""><br>mássz fel,<img src=""><br>climb up
<img src=""><br>közeli,<img src=""><br>close
<img src=""><br>kényelmes,<img src=""><br>comfortable
<img src=""><br>kényelmesen,<img src=""><br>comfortably
<img src=""><br>alkotó,<img src=""><br>creative
<img src=""><br>kreatívan,<img src=""><br>creatively
<img src=""><br>könnyen,<img src=""><br>easily
<img src=""><br>könnyű,<img src=""><br>easy
<img src=""><br>rendkívülien,<img src=""><br>extremely
<img src=""><br>fogás,<img src=""><br>catch
<img src=""><br>nyomja,<img src=""><br>push
<img src=""><br>hullám,<img src=""><br>wave
<img src=""><br>Húzni,<img src=""><br>pull
<img src=""><br>dobás,<img src=""><br>throw
<img src=""><br>kúszik,<img src=""><br>crawl
<img src=""><br>leesik,<img src=""><br>fall off
<img src=""><br>gyors,<img src=""><br>fast
<img src=""><br>tűzijáték,<img src=""><br>firework
<img src=""><br>tűzoltó,<img src=""><br>firefighter
<img src=""><br>virág,<img src=""><br>flower
<img src=""><br>előtér,<img src=""><br>foreground
<img src=""><br>erdő,<img src=""><br>forest
<img src=""><br>kiszáll,<img src=""><br>get out
<img src=""><br>jó,<img src=""><br>good
<img src=""><br>lógni,<img src=""><br>hanging
<img src=""><br>boldogan,<img src=""><br>happily
<img src=""><br>boldog,<img src=""><br>happy
<img src=""><br>tart,<img src=""><br>hold
<img src=""><br>lyuk,<img src=""><br>hole
<img src=""><br>lenyűgözött,<img src=""><br>impressed
<img src=""><br>sziget,<img src=""><br>island
<img src=""><br>felugrik,<img src=""><br>jump up
<img src=""><br>rúgás,<img src=""><br>kick
<img src=""><br>kölyök,<img src=""><br>kid
<img src=""><br>koala,<img src=""><br>koala
<img src=""><br>balra,<img src=""><br>left
<img src=""><br>hazugság,<img src=""><br>lie
<img src=""><br>helyi,<img src=""><br>local
<img src=""><br>úgy néz ki,<img src=""><br>look like
<img src=""><br>emlék,<img src=""><br>memory
<img src=""><br>sár,<img src=""><br>mud
<img src=""><br>megfigyelés,<img src=""><br>observation
<img src=""><br>türelmes,<img src=""><br>patient
<img src=""><br>türelmesen,<img src=""><br>patiently
<img src=""><br>engedély,<img src=""><br>permission
<img src=""><br>felvenni,<img src=""><br>pick up
<img src=""><br>udvarias,<img src=""><br>polite
<img src=""><br>udvariasan,<img src=""><br>politely
<img src=""><br>póz,<img src=""><br>pose
<img src=""><br>megjósolni,<img src=""><br>predict
<img src=""><br>csendes,<img src=""><br>quiet
<img src=""><br>csendesen,<img src=""><br>quietly
<img src=""><br>verseny,<img src=""><br>race
<img src=""><br>megmentés,<img src=""><br>rescue
<img src=""><br>durva,<img src=""><br>rude
<img src=""><br>durván,<img src=""><br>rudely
<img src=""><br>szafari,<img src=""><br>safari
<img src=""><br>homok,<img src=""><br>sand
<img src=""><br>szelfi,<img src=""><br>selfie
<img src=""><br>ül,<img src=""><br>sit
<img src=""><br>lassú,<img src=""><br>slow
<img src=""><br>lassan,<img src=""><br>slowly
<img src=""><br>mosoly,<img src=""><br>smile
<img src=""><br>áll,<img src=""><br>stand
<img src=""><br>mókus,<img src=""><br>squirrel
<img src=""><br>részt vesz,<img src=""><br>take part
<img src=""><br>tipp,<img src=""><br>tip
<img src=""><br>teteje,<img src=""><br>top
<img src=""><br>teherautó,<img src=""><br>truck
<img src=""><br>szokatlan,<img src=""><br>unusual
<img src=""><br>önkéntes,<img src=""><br>volunteer
<img src=""><br>séta,<img src=""><br>walk
<img src=""><br>jól,<img src=""><br>well
<img src=""><br>vad,<img src=""><br>wild
<img src=""><br>ordítás,<img src=""><br>yell
<img src=""><br>teljesítmény,<img src=""><br>achievement
<img src=""><br>színésznő,<img src=""><br>actress
<img src=""><br>adalékanyag,<img src=""><br>additive
<img src=""><br>alkohol,<img src=""><br>alcohol
<img src=""><br>hozzávetőlegesen,<img src=""><br>approximately
<img src=""><br>körülbelül,<img src=""><br>around
<img src=""><br>nyíl,<img src=""><br>arrow
<img src=""><br>mesterséges,<img src=""><br>artificial
<img src=""><br>művész,<img src=""><br>artist
<img src=""><br>űrhajós,<img src=""><br>astronaut
<img src=""><br>átlagos,<img src=""><br>average
<img src=""><br>milliárd,<img src=""><br>billion
<img src=""><br>életrajz,<img src=""><br>biography
<img src=""><br>véredény,<img src=""><br>blood vessel
<img src=""><br>karrier,<img src=""><br>career
<img src=""><br>sejt,<img src=""><br>cell
<img src=""><br>évszázad,<img src=""><br>century
<img src=""><br>bajnok,<img src=""><br>champion
<img src=""><br>komponálni,<img src=""><br>compose
<img src=""><br>zeneszerző,<img src=""><br>composer
<img src=""><br>tartalmaz,<img src=""><br>contain
<img src=""><br>gróf,<img src=""><br>count
<img src=""><br>nap,<img src=""><br>day
<img src=""><br>évtized,<img src=""><br>decade
<img src=""><br>nyomozó,<img src=""><br>detective
<img src=""><br>távolság,<img src=""><br>distance
<img src=""><br>Föld,<img src=""><br>Earth
<img src=""><br>kitartás,<img src=""><br>endurance
<img src=""><br>végül is,<img src=""><br>eventually
<img src=""><br>szakértő,<img src=""><br>expert
<img src=""><br>messze,<img src=""><br>far
<img src=""><br>nő,<img src=""><br>female
<img src=""><br>töredék,<img src=""><br>fraction
<img src=""><br>zseni,<img src=""><br>genius
<img src=""><br>aranyérem,<img src=""><br>gold medal
<img src=""><br>találgatás,<img src=""><br>guess
<img src=""><br>fele,<img src=""><br>half
<img src=""><br>nehéz,<img src=""><br>heavy
<img src=""><br>magasság,<img src=""><br>height
<img src=""><br>magas,<img src=""><br>high
<img src=""><br>óra,<img src=""><br>hour
<img src=""><br>száz,<img src=""><br>hundred
<img src=""><br>hihetetlen,<img src=""><br>incredible
<img src=""><br>intelligencia hányados,<img src=""><br>intelligence quotient
<img src=""><br>feltaláló,<img src=""><br>inventor
<img src=""><br>kilogramm,<img src=""><br>kilogramm
<img src=""><br>kilométer,<img src=""><br>kilometre
<img src=""><br>élettartam,<img src=""><br>lifetime
<img src=""><br>távolugrás,<img src=""><br>long jump
<img src=""><br>maraton,<img src=""><br>marathon
<img src=""><br>matematikus,<img src=""><br>mathematician
<img src=""><br>maximális,<img src=""><br>maximum
<img src=""><br>mérés,<img src=""><br>measure
<img src=""><br>méter,<img src=""><br>metre
<img src=""><br>évezred,<img src=""><br>millenium
<img src=""><br>millió,<img src=""><br>million
<img src=""><br>perc,<img src=""><br>minute
<img src=""><br>pillanat,<img src=""><br>moment
<img src=""><br>hónap,<img src=""><br>month
<img src=""><br>mozgás,<img src=""><br>movement
<img src=""><br>izom,<img src=""><br>muscle
<img src=""><br>zenész,<img src=""><br>musician
<img src=""><br>rejtély,<img src=""><br>mystery
<img src=""><br>Nobe díj,<img src=""><br>Nobe prize
<img src=""><br>nővér,<img src=""><br>nurse
<img src=""><br>szakács,<img src=""><br>chef
<img src=""><br>szerelő,<img src=""><br>mechanic
<img src=""><br>fényképész,<img src=""><br>photographer
<img src=""><br>pilóta,<img src=""><br>pilot
<img src=""><br>nővér,<img src=""><br>nurse
<img src=""><br>újságíró,<img src=""><br>journalist
<img src=""><br>építészmérnök,<img src=""><br>architect
<img src=""><br>állatorvos,<img src=""><br>vet
<img src=""><br>fizika,<img src=""><br>physics
<img src=""><br>játékos,<img src=""><br>player
<img src=""><br>költészet,<img src=""><br>poetry
<img src=""><br>nyomás,<img src=""><br>pressure
<img src=""><br>valószínűleg,<img src=""><br>probably
<img src=""><br>csoda,<img src=""><br>prodigy
<img src=""><br>egyetemi tanár,<img src=""><br>professor
<img src=""><br>programozó,<img src=""><br>programmer
<img src=""><br>közzé,<img src=""><br>publish
<img src=""><br>negyed,<img src=""><br>quarter
<img src=""><br>rádium,<img src=""><br>radium
<img src=""><br>rapper,<img src=""><br>rapper
<img src=""><br>nemrég,<img src=""><br>recently
<img src=""><br>számol,<img src=""><br>reckon
<img src=""><br>elismerés,<img src=""><br>recognition
<img src=""><br>rekord,<img src=""><br>record
<img src=""><br>relé,<img src=""><br>relay
<img src=""><br>megtakarítás,<img src=""><br>save
<img src=""><br>tudós,<img src=""><br>scientist
<img src=""><br>második,<img src=""><br>second
<img src=""><br>lő,<img src=""><br>shoot
<img src=""><br>látvány,<img src=""><br>sight
<img src=""><br>készség,<img src=""><br>skill
<img src=""><br>társadalom,<img src=""><br>society
<img src=""><br>helyesírás,<img src=""><br>spelling
<img src=""><br>tegyük fel,<img src=""><br>suppose
<img src=""><br>kóstol,<img src=""><br>taste
<img src=""><br>ízletes,<img src=""><br>tasty
<img src=""><br>ezer,<img src=""><br>thousand
<img src=""><br>tonna,<img src=""><br>ton
<img src=""><br>érintés,<img src=""><br>touch
<img src=""><br>fordítás,<img src=""><br>translation
<img src=""><br>használati útmutató,<img src=""><br>user guide
<img src=""><br>sétál,<img src=""><br>walk
<img src=""><br>mérlegelni,<img src=""><br>weigh
<img src=""><br>győztes,<img src=""><br>winner
<img src=""><br>téli,<img src=""><br>winter
<img src=""><br>év,<img src=""><br>year
<img src=""><br>cselekedni,<img src=""><br>act
<img src=""><br>kaland,<img src=""><br>adventure
<img src=""><br>hirdetés,<img src=""><br>advertisement
<img src=""><br>alkalmazás,<img src=""><br>application
<img src=""><br>kerülje el az összes növényt,<img src=""><br>avoid all plants
<img src=""><br>tűzoltóautó,<img src=""><br>fire engine
<img src=""><br>tűzoltó,<img src=""><br>fireman
<img src=""><br>rendőrautó,<img src=""><br>police car
<img src=""><br>rendőr,<img src=""><br>policeman
<img src=""><br>mentőautó,<img src=""><br>ambulance
<img src=""><br>felcser,<img src=""><br>paramedic
<img src=""><br>helikopter,<img src=""><br>helicopter
<img src=""><br>mentőcsónak,<img src=""><br>lifeboat
<img src=""><br>díj,<img src=""><br>award
<img src=""><br>akkumulátor,<img src=""><br>battery
<img src=""><br>csomagtartó,<img src=""><br>boot
<img src=""><br>hatalmaskodó,<img src=""><br>bossy
<img src=""><br>ág,<img src=""><br>branch
<img src=""><br>menedéket építeni,<img src=""><br>build a shelter
<img src=""><br>kihívás,<img src=""><br>challenge
<img src=""><br>díj,<img src=""><br>charge
<img src=""><br>ellenőrzés,<img src=""><br>check
<img src=""><br>felmászni egy fára,<img src=""><br>climb a tree
<img src=""><br>vigasztalja,<img src=""><br>comforts
<img src=""><br>iránytű,<img src=""><br>compass
<img src=""><br>versenyképes,<img src=""><br>competitive
<img src=""><br>érintkezés,<img src=""><br>contact
<img src=""><br>versenyző,<img src=""><br>contestant
<img src=""><br>másolat,<img src=""><br>copy
<img src=""><br>folyosó,<img src=""><br>corridor
<img src=""><br>sötét,<img src=""><br>dark
<img src=""><br>nappal,<img src=""><br>daytime
<img src=""><br>kétség,<img src=""><br>doubt
<img src=""><br>keleti,<img src=""><br>east
<img src=""><br>étkezési szokás,<img src=""><br>eating habit
<img src=""><br>környezet,<img src=""><br>enviroment
<img src=""><br>este,<img src=""><br>evening
<img src=""><br>tapasztalat,<img src=""><br>experience
<img src=""><br>tapasztalt,<img src=""><br>eperienced
<img src=""><br>arc,<img src=""><br>face
<img src=""><br>ivóvizet találni,<img src=""><br>find drinking water
<img src=""><br>elsősegély-készlet,<img src=""><br>first-aid kit
<img src=""><br>fitnesz,<img src=""><br>fitness
<img src=""><br>zászló,<img src=""><br>flag
<img src=""><br>kövesse a folyót,<img src=""><br>follow the river
<img src=""><br>kiszállni,<img src=""><br>get out of
<img src=""><br>útmutató,<img src=""><br>guide
<img src=""><br>sisak,<img src=""><br>helmet
<img src=""><br>remény,<img src=""><br>hope
<img src=""><br>helytelen,<img src=""><br>incorrect
<img src=""><br>rovar,<img src=""><br>insect
<img src=""><br>oktatás,<img src=""><br>instruction
<img src=""><br>medúza,<img src=""><br>jellyfish
<img src=""><br>ékszerek,<img src=""><br>jewellery
<img src=""><br>csatlakozik,<img src=""><br>join
<img src=""><br>dzsungel,<img src=""><br>jungle
<img src=""><br>tartsa hidegen,<img src=""><br>keep cool
<img src=""><br>kés,<img src=""><br>knife
<img src=""><br>vezető,<img src=""><br>leader
<img src=""><br>tüzet gyújtani,<img src=""><br>light a fire
<img src=""><br>öngyújtó,<img src=""><br>lighter
<img src=""><br>határ,<img src=""><br>limit
<img src=""><br>elveszett,<img src=""><br>lost
<img src=""><br>szerencse,<img src=""><br>luck
<img src=""><br>zajt csapni,<img src=""><br>make a noise
<img src=""><br>térkép,<img src=""><br>map
<img src=""><br>orvosi igazolás,<img src=""><br>medical certificate
<img src=""><br>memorizálni,<img src=""><br>memorize
<img src=""><br>éjfél,<img src=""><br>midnight
<img src=""><br>tükör,<img src=""><br>mirror
<img src=""><br>mountain bike,<img src=""><br>mountain bike
<img src=""><br>mozogni éjszaka,<img src=""><br>move at night
<img src=""><br>gomba,<img src=""><br>mushroom
<img src=""><br>igény,<img src=""><br>need
<img src=""><br>északi,<img src=""><br>north
<img src=""><br>pánik,<img src=""><br>panic
<img src=""><br>résztvevő,<img src=""><br>participant
<img src=""><br>figyel,<img src=""><br>pay attention
<img src=""><br>fizikai,<img src=""><br>physical
<img src=""><br>gyümölcsöt szedni,<img src=""><br>pick fruit
<img src=""><br>pozíció,<img src=""><br>position
<img src=""><br>pozitív,<img src=""><br>positive
<img src=""><br>gyakorlati,<img src=""><br>practical
<img src=""><br>prioritás,<img src=""><br>priority
<img src=""><br>esővíz,<img src=""><br>rainwater
<img src=""><br>értékelés,<img src=""><br>rating
<img src=""><br>fenntartott,<img src=""><br>reserved
<img src=""><br>kockázat,<img src=""><br>risk
<img src=""><br>kötél,<img src=""><br>rope
<img src=""><br>elfutni,<img src=""><br>run away
<img src=""><br>biztonsági mellény,<img src=""><br>safety vest
<img src=""><br>vitorla,<img src=""><br>sail
<img src=""><br>szandál,<img src=""><br>sandal
<img src=""><br>iskolai beszámoló,<img src=""><br>school report
<img src=""><br>biztonságos,<img src=""><br>secure
<img src=""><br>kiáltás,<img src=""><br>shout
<img src=""><br>jel,<img src=""><br>signal
<img src=""><br>hálózsák,<img src=""><br>sleeping bag
<img src=""><br>szóló,<img src=""><br>solo
<img src=""><br>állj egy helyben,<img src=""><br>stand still
<img src=""><br>maradj ott ahol vagy,<img src=""><br>stay where you are
<img src=""><br>tanulási idő,<img src=""><br>study time
<img src=""><br>hülye,<img src=""><br>stupid
<img src=""><br>napos,<img src=""><br>sunny
<img src=""><br>fényvédő krém,<img src=""><br>sunscreen
<img src=""><br>túlélés,<img src=""><br>survival
<img src=""><br>felszállni,<img src=""><br>take off
<img src=""><br>sátor,<img src=""><br>tent
<img src=""><br>teszt,<img src=""><br>test
<img src=""><br>fáklya,<img src=""><br>torch
<img src=""><br>vándorlás,<img src=""><br>trek
<img src=""><br>egyenruha,<img src=""><br>uniform
<img src=""><br>használja a Napot,<img src=""><br>use the Sun
<img src=""><br>meleg,<img src=""><br>warm
<img src=""><br>vizes palack,<img src=""><br>water bottle
<img src=""><br>nyugat,<img src=""><br>west
<img src=""><br>szaxofon,<img src=""><br>saxophone
<img src=""><br>trombita,<img src=""><br>trumpet
<img src=""><br>hárfa,<img src=""><br>harp
<img src=""><br>fuvola,<img src=""><br>flute
<img src=""><br>gordonka,<img src=""><br>cello
<img src=""><br>ambíció,<img src=""><br>ambition
<img src=""><br>ambiciózus,<img src=""><br>ambitious
<img src=""><br>rendezés,<img src=""><br>arragement
<img src=""><br>zenekar,<img src=""><br>band
<img src=""><br>basszus,<img src=""><br>bass
<img src=""><br>üt,<img src=""><br>beat
<img src=""><br>hibáztatni,<img src=""><br>blame
<img src=""><br>fényes,<img src=""><br>bright
<img src=""><br>megtört szív,<img src=""><br>broken heart
<img src=""><br>fülbemászó,<img src=""><br>catchy
<img src=""><br>báj,<img src=""><br>charm
<img src=""><br>bájos,<img src=""><br>charming
<img src=""><br>klasszikus,<img src=""><br>classical
<img src=""><br>valóra váljon,<img src=""><br>come true
<img src=""><br>koncert,<img src=""><br>concert
<img src=""><br>bizalom,<img src=""><br>confidence
<img src=""><br>magabiztos,<img src=""><br>confident
<img src=""><br>DJ,<img src=""><br>DJ
<img src=""><br>letöltés,<img src=""><br>download
<img src=""><br>álom,<img src=""><br>dream
<img src=""><br>dobos,<img src=""><br>drummer
<img src=""><br>dobok,<img src=""><br>drums
<img src=""><br>elektronikus,<img src=""><br>electronic
<img src=""><br>energikus,<img src=""><br>energetic
<img src=""><br>energia,<img src=""><br>energy
<img src=""><br>hírnév,<img src=""><br>fame
<img src=""><br>híres,<img src=""><br>famous
<img src=""><br>rajongók,<img src=""><br>fans
<img src=""><br>farmer,<img src=""><br>farmer jeans
<img src=""><br>végső,<img src=""><br>final
<img src=""><br>végső,<img src=""><br>final
<img src=""><br>népi,<img src=""><br>folk
<img src=""><br>bolond,<img src=""><br>fool
<img src=""><br>fúzió,<img src=""><br>fusion
<img src=""><br>gitár,<img src=""><br>guitar
<img src=""><br>kemény szikla,<img src=""><br>hard rock
<img src=""><br>nehézfém,<img src=""><br>heavy metal
<img src=""><br>hip-hop,<img src=""><br>hip-hop
<img src=""><br>találat,<img src=""><br>hit
<img src=""><br>őrület,<img src=""><br>insanity
<img src=""><br>bíró,<img src=""><br>judge
<img src=""><br>billentyűzet,<img src=""><br>keyboard
<img src=""><br>fajta,<img src=""><br>kind
<img src=""><br>kedvesség,<img src=""><br>kindness
<img src=""><br>dalszöveg,<img src=""><br>lyrics
<img src=""><br>mini,<img src=""><br>mini
<img src=""><br>keverék,<img src=""><br>mixture
<img src=""><br>zenei üzlet,<img src=""><br>music business
<img src=""><br>zenei videó,<img src=""><br>music video
<img src=""><br>nyilvánvalóan,<img src=""><br>obviously
<img src=""><br>zongora,<img src=""><br>piano
<img src=""><br>darab,<img src=""><br>piece
<img src=""><br>pattogatott kukorica,<img src=""><br>popcorn
<img src=""><br>punk rock,<img src=""><br>punk rock
<img src=""><br>rap,<img src=""><br>rap
<img src=""><br>valóság,<img src=""><br>reality
<img src=""><br>lázadó,<img src=""><br>rebel
<img src=""><br>reggae,<img src=""><br>reggae
<img src=""><br>felülvizsgálja,<img src=""><br>revise
<img src=""><br>ritmus,<img src=""><br>rhythm
<img src=""><br>szikla,<img src=""><br>rock
<img src=""><br>rumba,<img src=""><br>rumba
<img src=""><br>salsa,<img src=""><br>salsa
<img src=""><br>szamba,<img src=""><br>samba
<img src=""><br>falatozás,<img src=""><br>snack
<img src=""><br>puha,<img src=""><br>soft
<img src=""><br>dal,<img src=""><br>song
<img src=""><br>sporttorna,<img src=""><br>sports tournament
<img src=""><br>ereje,<img src=""><br>strenght
<img src=""><br>erős,<img src=""><br>strong
<img src=""><br>stílus,<img src=""><br>style
<img src=""><br>siker,<img src=""><br>success
<img src=""><br>sikeres,<img src=""><br>successful
<img src=""><br>tehetség,<img src=""><br>talent
<img src=""><br>tehetséges,<img src=""><br>talented
<img src=""><br>techno,<img src=""><br>techno
<img src=""><br>hagyományos,<img src=""><br>traditional
<img src=""><br>transz,<img src=""><br>trance
<img src=""><br>TV műsorvezető,<img src=""><br>TV presenter
<img src=""><br>változat,<img src=""><br>version
<img src=""><br>kilátás,<img src=""><br>view
<img src=""><br>hegedű,<img src=""><br>violin
<img src=""><br>énekhang,<img src=""><br>vocals
<img src=""><br>hang,<img src=""><br>voice
<img src=""><br>keringő,<img src=""><br>walz
<img src=""><br>gyenge,<img src=""><br>weak
<img src=""><br>gyengeség,<img src=""><br>weakness
<img src=""><br>baleset,<img src=""><br>accident
<img src=""><br>kalandsport,<img src=""><br>adventure sport
<img src=""><br>tériszony,<img src=""><br>agoraphobia
<img src=""><br>boka,<img src=""><br>ankle
<img src=""><br>rossz benne,<img src=""><br>bad at
<img src=""><br>hisz,<img src=""><br>believe
<img src=""><br>csont,<img src=""><br>bone
<img src=""><br>szünet,<img src=""><br>break
<img src=""><br>megtört szív,<img src=""><br>broken heart
<img src=""><br>zúzódás,<img src=""><br>bruise
<img src=""><br>véraláfutásos,<img src=""><br>bruised
<img src=""><br>éget,<img src=""><br>burn
<img src=""><br>égett,<img src=""><br>burned
<img src=""><br>kemping,<img src=""><br>camping
<img src=""><br>barlangászat,<img src=""><br>caving
<img src=""><br>kémiai,<img src=""><br>chemical
<img src=""><br>gyere le,<img src=""><br>come off
<img src=""><br>vágott,<img src=""><br>cut
<img src=""><br>száraz,<img src=""><br>dry
<img src=""><br>könyök,<img src=""><br>elbow
<img src=""><br>lelkes,<img src=""><br>entusiastic
<img src=""><br>izgatott,<img src=""><br>excited
<img src=""><br>izgalom,<img src=""><br>excitement
<img src=""><br>extrém sport,<img src=""><br>extreme sport
<img src=""><br>halálos,<img src=""><br>fatal
<img src=""><br>szeretetteljes,<img src=""><br>fond
<img src=""><br>megijedt,<img src=""><br>frightened of
<img src=""><br>jó benne,<img src=""><br>good at
<img src=""><br>föld,<img src=""><br>ground
<img src=""><br>örül,<img src=""><br>happy about
<img src=""><br>fejfájás,<img src=""><br>headache
<img src=""><br>fogfájás,<img src=""><br>tootache
<img src=""><br>orrfolyás,<img src=""><br>runny nose
<img src=""><br>gyomorfájás,<img src=""><br>stomach ache
<img src=""><br>torokfájás,<img src=""><br>sore throat
<img src=""><br>köhögés,<img src=""><br>cough
<img src=""><br>megfázik,<img src=""><br>have cold
<img src=""><br>láz,<img src=""><br>fever
<img src=""><br>fejhallgató,<img src=""><br>headset
<img src=""><br>magasságok,<img src=""><br>heights
<img src=""><br>horrorfilm,<img src=""><br>horror film
<img src=""><br>fáj,<img src=""><br>hurt
<img src=""><br>injekció,<img src=""><br>injection
<img src=""><br>megsebesíteni,<img src=""><br>injure
<img src=""><br>sérülés,<img src=""><br>injury
<img src=""><br>érdekelt,<img src=""><br>interested
<img src=""><br>lelkes,<img src=""><br>keen on
<img src=""><br>térd,<img src=""><br>knee
<img src=""><br>gyógyszer,<img src=""><br>medicine
<img src=""><br>ideges miatta,<img src=""><br>nervous about
<img src=""><br>művelet,<img src=""><br>operation
<img src=""><br>fájdalmas,<img src=""><br>painful
<img src=""><br>siklóernyőzés,<img src=""><br>paragliding
<img src=""><br>pszichológus,<img src=""><br>psychologist
<img src=""><br>mentőszolgálat,<img src=""><br>rescue service
<img src=""><br>nevetséges,<img src=""><br>ridiculous
<img src=""><br>kockázatos,<img src=""><br>risky
<img src=""><br>hullámvasút,<img src=""><br>roller coaster
<img src=""><br>megijedt,<img src=""><br>scared of
<img src=""><br>váll,<img src=""><br>shoulder
<img src=""><br>snowboardozás,<img src=""><br>snowboarding
<img src=""><br>megoldás,<img src=""><br>solution
<img src=""><br>rándulás,<img src=""><br>sprain
<img src=""><br>kificamodott,<img src=""><br>sprained
<img src=""><br>támogatás,<img src=""><br>support
<img src=""><br>terápia,<img src=""><br>therapy
<img src=""><br>izgalom,<img src=""><br>thrill
<img src=""><br>érintés,<img src=""><br>touch
<img src=""><br>kezelés,<img src=""><br>treatment
<img src=""><br>virtuális valóság,<img src=""><br>virtuel reality
<img src=""><br>aggódik,<img src=""><br>worried about
<img src=""><br>csukló,<img src=""><br>wrist
<img src=""><br>galéria,<img src=""><br>art gallery
<img src=""><br>buszmegálló,<img src=""><br>bus stop
<img src=""><br>parkoló,<img src=""><br>car park
<img src=""><br>irány,<img src=""><br>direction
<img src=""><br>zebra,<img src=""><br>pedestrian crossing
<img src=""><br>rendőrség,<img src=""><br>police station
<img src=""><br>posta,<img src=""><br>post office
<img src=""><br>görkorcsolya pálya,<img src=""><br>skate park
<img src=""><br>ár,<img src=""><br>price
<img src=""><br>kávéfőző,<img src=""><br>coffee machine
<img src=""><br>házasodni,<img src=""><br>marry
<img src=""><br>okos,<img src=""><br>smart
<img src=""><br>kosár,<img src=""><br>basket
<img src=""><br>ruháskosár szennyes ruhának,<img src=""><br>clothes basket
<img src=""><br>bújós játék,<img src=""><br>cuddly toy
<img src=""><br>párna,<img src=""><br>pillow
<img src=""><br>szőnyeg,<img src=""><br>rug
<img src=""><br>lepedő,<img src=""><br>sheet
<img src=""><br>akkumulátortöltő,<img src=""><br>battery charger
<img src=""><br>panasz,<img src=""><br>complaint
<img src=""><br>e-könyv,<img src=""><br>e-book
<img src=""><br>utolsó,<img src=""><br>last
<img src=""><br>menedzser,<img src=""><br>manager
<img src=""><br>modell,<img src=""><br>model
<img src=""><br>rádió,<img src=""><br>radio
<img src=""><br>okostelefon,<img src=""><br>smartphone
<img src=""><br>rettenetesen,<img src=""><br>terribly
<img src=""><br>zaklatás,<img src=""><br>bullying
<img src=""><br>csalás,<img src=""><br>cheating
<img src=""><br>cyber,<img src=""><br>cyber
<img src=""><br>vizsga nyomás,<img src=""><br>exam pressure
<img src=""><br>javítani,<img src=""><br>improve
<img src=""><br>motiváló,<img src=""><br>motivating
<img src=""><br>jelentés,<img src=""><br>report
<img src=""><br>súlyos,<img src=""><br>serious
<img src=""><br>méret,<img src=""><br>size
<img src=""><br>baj,<img src=""><br>trouble
<img src=""><br>vissza,<img src=""><br>back
<img src=""><br>zenei,<img src=""><br>musical
<img src=""><br>sor,<img src=""><br>row
<img src=""><br>aszpirin,<img src=""><br>aspirin
<img src=""><br>kötszer,<img src=""><br>bandage
<img src=""><br>tiszta,<img src=""><br>clean
<img src=""><br>Segítség,<img src=""><br>help
<img src=""><br>jég,<img src=""><br>ice
<img src=""><br>mikrohullámú,<img src=""><br>microwave
<img src=""><br>oszlopdiagram,<img src=""><br>bar chart
<img src=""><br>diagram,<img src=""><br>chart
<img src=""><br>adat,<img src=""><br>data
<img src=""><br>adatdiagram,<img src=""><br>data chart
<img src=""><br>információ,<img src=""><br>information
<img src=""><br>értelmezni,<img src=""><br>interpret
<img src=""><br>kördiagram,<img src=""><br>pie chart
<img src=""><br>bemutat,<img src=""><br>present
<img src=""><br>felmérés,<img src=""><br>survey
<img src=""><br>x tengely,<img src=""><br>x-axis
<img src=""><br>y-tengely,<img src=""><br>y-axis
<img src=""><br>alapvető,<img src=""><br>basic
<img src=""><br>mellkas,<img src=""><br>chest
<img src=""><br>kör,<img src=""><br>circle
<img src=""><br>lefelé,<img src=""><br>downwards
<img src=""><br>jellemzője,<img src=""><br>feature
<img src=""><br>lakás,<img src=""><br>flat
<img src=""><br>index,<img src=""><br>index
<img src=""><br>kézikönyv,<img src=""><br>manual
<img src=""><br>középső,<img src=""><br>middle
<img src=""><br>kifejezés,<img src=""><br>phrase
<img src=""><br>elsődleges,<img src=""><br>primary
<img src=""><br>alapelv,<img src=""><br>principle
<img src=""><br>alak,<img src=""><br>shape
<img src=""><br>jel,<img src=""><br>sign
<img src=""><br>át,<img src=""><br>across
<img src=""><br>mentén,<img src=""><br>along
<img src=""><br>ügy,<img src=""><br>case
<img src=""><br>lábnyom,<img src=""><br>footprint
<img src=""><br>vendéglő,<img src=""><br>inn
<img src=""><br>bűncselekmény,<img src=""><br>crime
<img src=""><br>borostyán,<img src=""><br>ivy
<img src=""><br>hiányzó,<img src=""><br>missing
<img src=""><br>mór,<img src=""><br>moor
<img src=""><br>gyilkosság,<img src=""><br>murder
<img src=""><br>furcsán,<img src=""><br>strangely
<img src=""><br>animáció,<img src=""><br>animation
<img src=""><br>kasszasiker,<img src=""><br>blockbuster
<img src=""><br>rajzfilm,<img src=""><br>cartoon
<img src=""><br>cel,<img src=""><br>cel
<img src=""><br>karakter,<img src=""><br>character
<img src=""><br>számítógép által generált képek (CGI),<img src=""><br>computer generated imagery (CGI)
<img src=""><br>lemez,<img src=""><br>disc
<img src=""><br>filmkészítő,<img src=""><br>film-maker
<img src=""><br>forma,<img src=""><br>form
<img src=""><br>kézzel rajzolt,<img src=""><br>hand-drawn
<img src=""><br>műanyag,<img src=""><br>plastic
<img src=""><br>folyamat,<img src=""><br>process
<img src=""><br>reális,<img src=""><br>realistic
<img src=""><br>speciális hatás,<img src=""><br>special effect
<img src=""><br>pálcikaember,<img src=""><br>stick figure
<img src=""><br>technika,<img src=""><br>technique
<img src=""><br>átlátszó,<img src=""><br>transparent
<img src=""><br>kiszámítani,<img src=""><br>calculate
<img src=""><br>egyenlet,<img src=""><br>equation
<img src=""><br>szabadstílus,<img src=""><br>freestyle
<img src=""><br>hosszúságú,<img src=""><br>lenght
<img src=""><br>sebesség,<img src=""><br>speed
<img src=""><br>idő,<img src=""><br>time
<img src=""><br>pálya,<img src=""><br>track
<img src=""><br>kapcsolatban lenni,<img src=""><br>be in contact with
<img src=""><br>jeladó,<img src=""><br>beacon
<img src=""><br>menekülés,<img src=""><br>escape
<img src=""><br>pontos,<img src=""><br>exact
<img src=""><br>pontosan,<img src=""><br>exactly
<img src=""><br>felfedező,<img src=""><br>explorer
<img src=""><br>elsősegély,<img src=""><br>first aid
<img src=""><br>szabadon,<img src=""><br>freely
<img src=""><br>óriás,<img src=""><br>giant
<img src=""><br>globális helymeghatározó rendszer (GPS),<img src=""><br>global positioning system (GPS)
<img src=""><br>internet kapcsolat,<img src=""><br>internet connection
<img src=""><br>elhelyezkedés,<img src=""><br>location
<img src=""><br>katonai projekt,<img src=""><br>military project
<img src=""><br>offline módban,<img src=""><br>offline
<img src=""><br>személyes lokátor,<img src=""><br>personal locator
<img src=""><br>vevő,<img src=""><br>reciver
<img src=""><br>biztonságosan,<img src=""><br>safely
<img src=""><br>műhold,<img src=""><br>satellite
<img src=""><br>katona,<img src=""><br>soldier
<img src=""><br>tér,<img src=""><br>space
<img src=""><br>bolt,<img src=""><br>store
<img src=""><br>levegő,<img src=""><br>air
<img src=""><br>fúj,<img src=""><br>blow
<img src=""><br>sárgaréz,<img src=""><br>brass
<img src=""><br>gordonka,<img src=""><br>cello
<img src=""><br>klarinét,<img src=""><br>clarinet
<img src=""><br>cintányér,<img src=""><br>cymbal
<img src=""><br>nagybőgő,<img src=""><br>double bass
<img src=""><br>fuvola,<img src=""><br>flute
<img src=""><br>magas hangú,<img src=""><br>high-pitched
<img src=""><br>intervallum,<img src=""><br>interval
<img src=""><br>kulcsfontosságú,<img src=""><br>key
<img src=""><br>laza,<img src=""><br>loose
<img src=""><br>alacsony,<img src=""><br>low
<img src=""><br>jel,<img src=""><br>mark
<img src=""><br>hangjegy,<img src=""><br>musical note
<img src=""><br>ütőhangszerek,<img src=""><br>percussion
<img src=""><br>szabályos,<img src=""><br>regular
<img src=""><br>hangmagasság,<img src=""><br>pitch
<img src=""><br>megismételt,<img src=""><br>repeated
<img src=""><br>húr,<img src=""><br>string
<img src=""><br>harsona,<img src=""><br>trombone
<img src=""><br>trombita,<img src=""><br>trumpet
<img src=""><br>rezeg,<img src=""><br>vibrate
<img src=""><br>fafúvós,<img src=""><br>woodwind
<img src=""><br>xilofon,<img src=""><br>xylophone
<img src=""><br>adrenalint,<img src=""><br>adreanaline
<img src=""><br>vér,<img src=""><br>blood
<img src=""><br>agy,<img src=""><br>brain
<img src=""><br>lélegző,<img src=""><br>breathing
<img src=""><br>hűvös,<img src=""><br>cool
<img src=""><br>kiáltás,<img src=""><br>cry
<img src=""><br>veszély,<img src=""><br>danger
<img src=""><br>félelem,<img src=""><br>fear
<img src=""><br>harc,<img src=""><br>fight
<img src=""><br>szív,<img src=""><br>heart
<img src=""><br>hormon,<img src=""><br>hormone
<img src=""><br>pánik,<img src=""><br>panic
<img src=""><br>tanítvány,<img src=""><br>pupil
<img src=""><br>reakció,<img src=""><br>reaction
<img src=""><br>érzés,<img src=""><br>sensation
<img src=""><br>izzad,<img src=""><br>sweat
<img src=""><br>aerobic,<img src=""><br>aerobics
<img src=""><br>kantin,<img src=""><br>canteen
<img src=""><br>kórus,<img src=""><br>choir
<img src=""><br>klub,<img src=""><br>club
<img src=""><br>fogyasztó,<img src=""><br>consumer
<img src=""><br>krikett,<img src=""><br>cricket
<img src=""><br>tánc,<img src=""><br>dancing
<img src=""><br>eszköz,<img src=""><br>device
<img src=""><br>dráma,<img src=""><br>drama
<img src=""><br>játékkonzol,<img src=""><br>games console
<img src=""><br>ebédidő,<img src=""><br>lunch hour
<img src=""><br>zenekar,<img src=""><br>orchestra
<img src=""><br>állami iskola,<img src=""><br>state school
<img src=""><br>tabletta,<img src=""><br>tablet
<img src=""><br>tizenéves,<img src=""><br>teenager
<img src=""><br>tipikus,<img src=""><br>typical
<img src=""><br>Amerikai foci,<img src=""><br>American football
<img src=""><br>közönség,<img src=""><br>audience
<img src=""><br>üt,<img src=""><br>beat
<img src=""><br>klasszikus,<img src=""><br>classic
<img src=""><br>komédia,<img src=""><br>comedy
<img src=""><br>dráma sorozat,<img src=""><br>drama series
<img src=""><br>teljes,<img src=""><br>entire
<img src=""><br>aranykor,<img src=""><br>golden age
<img src=""><br>megszállottság,<img src=""><br>obsession
<img src=""><br>minőség,<img src=""><br>quality
<img src=""><br>egyetlen,<img src=""><br>single
<img src=""><br>folyam,<img src=""><br>stream
<img src=""><br>meglepő,<img src=""><br>surprising
<img src=""><br>kukorica,<img src=""><br>corn
<img src=""><br>kemény,<img src=""><br>hard
<img src=""><br>vadászat,<img src=""><br>hunt
<img src=""><br>bennszülött,<img src=""><br>native
<img src=""><br>indián,<img src=""><br>Native American
<img src=""><br>pite,<img src=""><br>pie
<img src=""><br>tök,<img src=""><br>pumpkin
<img src=""><br>vallási,<img src=""><br>religious
<img src=""><br>telepes,<img src=""><br>settler
<img src=""><br>hajó,<img src=""><br>ship
<img src=""><br>Hálaadás,<img src=""><br>Thanksgiving
<img src=""><br>pulyka,<img src=""><br>turkey
<img src=""><br>művészeti forma,<img src=""><br>art form
<img src=""><br>elmosódott,<img src=""><br>blurred
<img src=""><br>meghatározni,<img src=""><br>define
<img src=""><br>festőállvány,<img src=""><br>easel
<img src=""><br>hatását,<img src=""><br>effelct
<img src=""><br>létezik,<img src=""><br>exist
<img src=""><br>származik,<img src=""><br>originate
<img src=""><br>önarckép,<img src=""><br>self-portrait
<img src=""><br>közösségi oldal,<img src=""><br>social networking site
<img src=""><br>jellemzően,<img src=""><br>typically
<img src=""><br>érték,<img src=""><br>value
<img src=""><br>képesség,<img src=""><br>ability
<img src=""><br>engedheti meg magának,<img src=""><br>afford
<img src=""><br>magasság,<img src=""><br>altitude
<img src=""><br>sportoló,<img src=""><br>athlete
<img src=""><br>mezítláb,<img src=""><br>barefoot
<img src=""><br>fejleszteni,<img src=""><br>develop
<img src=""><br>életmód,<img src=""><br>lifestyle
<img src=""><br>előző,<img src=""><br>previous
<img src=""><br>ok,<img src=""><br>reason
<img src=""><br>régióban,<img src=""><br>region
<img src=""><br>elmélet,<img src=""><br>theory
<img src=""><br>szórekord,<img src=""><br>word record
<img src=""><br>repüléstechnika,<img src=""><br>aeronautical engineering
<img src=""><br>parancsnok,<img src=""><br>commander
<img src=""><br>hadtest,<img src=""><br>corps
<img src=""><br>jogosítvány,<img src=""><br>driving license
<img src=""><br>bűvölet,<img src=""><br>fascination
<img src=""><br>repülési,<img src=""><br>flight
<img src=""><br>hős,<img src=""><br>hero
<img src=""><br>föld,<img src=""><br>land
<img src=""><br>ugrás,<img src=""><br>leap
<img src=""><br>emberiség,<img src=""><br>mankind
<img src=""><br>anyag,<img src=""><br>material
<img src=""><br>misszió,<img src=""><br>mission
<img src=""><br>pilóta jogosítvány,<img src=""><br>pilot license
<img src=""><br>szikla,<img src=""><br>rock
<img src=""><br>űrhajó,<img src=""><br>space craft
<img src=""><br>lépés,<img src=""><br>step
<img src=""><br>vonz,<img src=""><br>attract
<img src=""><br>főnök,<img src=""><br>boss
<img src=""><br>kombájn,<img src=""><br>combine
<img src=""><br>vállalkozó,<img src=""><br>enterpreteur
<img src=""><br>fo,<img src=""><br>fo
<img src=""><br>korom,<img src=""><br>grime
<img src=""><br>multimilliomos,<img src=""><br>multimillionaire
<img src=""><br>szenvedély,<img src=""><br>passion
<img src=""><br>előadni,<img src=""><br>perform
<img src=""><br>díj,<img src=""><br>prize
<img src=""><br>szolgáltatások,<img src=""><br>services
<img src=""><br>stratégia,<img src=""><br>strategy
<img src=""><br>feltölteni,<img src=""><br>upload
<img src=""><br>néző,<img src=""><br>viewer
<img src=""><br>ős,<img src=""><br>ancestor
<img src=""><br>bungee jumping,<img src=""><br>bungee jumping
<img src=""><br>éghajlat,<img src=""><br>climate
<img src=""><br>vakmerő,<img src=""><br>daredevil
<img src=""><br>sárkányrepülés,<img src=""><br>hang-gliding
<img src=""><br>lakos,<img src=""><br>inhabitant
<img src=""><br>sugárhajtású hajózás,<img src=""><br>jet-boating
<img src=""><br>maori,<img src=""><br>Maori
<img src=""><br>természet,<img src=""><br>nature
<img src=""><br>származás,<img src=""><br>origin
<img src=""><br>táj,<img src=""><br>scenery
<img src=""><br>ejtőernyőzés,<img src=""><br>skydiving
<img src=""><br>vulkán,<img src=""><br>volcano
<img src=""><br>vadvízi evezés,<img src=""><br>white-water rafting
<img src=""><br>fejlett,<img src=""><br>advanced
<img src=""><br>cikk,<img src=""><br>article
<img src=""><br>díszít,<img src=""><br>decorate
<img src=""><br>játékkonzol,<img src=""><br>games console
<img src=""><br>tréfa,<img src=""><br>joke
<img src=""><br>kölyök,<img src=""><br>kid
<img src=""><br>kötött,<img src=""><br>knit
<img src=""><br>sportos,<img src=""><br>sporty
<img src=""><br>trambulin,<img src=""><br>trampoline
<img src=""><br>lefordítani,<img src=""><br>translate
<img src=""><br>album,<img src=""><br>album
<img src=""><br>fogás,<img src=""><br>catch
<img src=""><br>operaház,<img src=""><br>opera house
<img src=""><br>hóember,<img src=""><br>snowman
<img src=""><br>kenu,<img src=""><br>canoe
<img src=""><br>fagyasztó,<img src=""><br>freezing
<img src=""><br>jégmászás,<img src=""><br>ice climbing
<img src=""><br>kajak,<img src=""><br>kayak
<img src=""><br>kajakozás,<img src=""><br>kayaking
<img src=""><br>látványos,<img src=""><br>spectacular
<img src=""><br>hullámtörés,<img src=""><br>surf
<img src=""><br>gyaloglás,<img src=""><br>walking
<img src=""><br>vízesés,<img src=""><br>waterfall
<img src=""><br>búvárruha,<img src=""><br>wetsuit
<img src=""><br>vonzerő,<img src=""><br>attraction
<img src=""><br>sikló,<img src=""><br>cable car
<img src=""><br>választás,<img src=""><br>choice
<img src=""><br>csepp,<img src=""><br>drop
<img src=""><br>él,<img src=""><br>edge
<img src=""><br>repül,<img src=""><br>fly
<img src=""><br>kihangosító,<img src=""><br>handfree
<img src=""><br>tiszta,<img src=""><br>pure
<img src=""><br>meredek,<img src=""><br>steep
<img src=""><br>terror,<img src=""><br>terror
<img src=""><br>zipline,<img src=""><br>zipline
<img src=""><br>elülső,<img src=""><br>front
<img src=""><br>leszid,<img src=""><br>tell off
<img src=""><br>felébred,<img src=""><br>wake up
<img src=""><br>ősi,<img src=""><br>ancient
<img src=""><br>vár,<img src=""><br>castle
<img src=""><br>magányos,<img src=""><br>loneley
<img src=""><br>titkos,<img src=""><br>secret
<img src=""><br>boldogtalan,<img src=""><br>unhappy
<img src=""><br>fiatal,<img src=""><br>young
<img src=""><br>okos,<img src=""><br>clever
<img src=""><br>táncos,<img src=""><br>dancer
<img src=""><br>tömeg,<img src=""><br>crowd
<img src=""><br>szórólap,<img src=""><br>leaflet