<img src=""></img><br>-tól,<img src=""></img><br> ab
<img src=""></img><br>befordul,<img src=""></img><br> abbiegen
<img src=""></img><br>kaland,<img src=""></img><br>das Abenteuer
<img src=""></img><br>indulás,<img src=""></img><br>die Abfahrt
<img src=""></img><br>rövidítés,<img src=""></img><br>die Abkürzung
<img src="https://st.depositphotos.com/2208320/2236/v/380/depositphotos_22360999-stock-illustration-solar-eclipse-illustration-black-background.jpg"></img><br>teljesen,<img src="https://st.depositphotos.com/2208320/2236/v/380/depositphotos_22360999-stock-illustration-solar-eclipse-illustration-black-background.jpg"></img><br> absolut
<img src=""></img><br>figyel vmire,<img src=""></img><br> achten (auf etwas)
<img src=""></img><br>Figyelem!,<img src=""></img><br> Achtung!
<img src=""></img><br>ügynökség,<img src=""></img><br>die Agentur
<img src=""></img><br>Egyiptom,<img src=""></img><br> Ägypten
<img src=""></img><br>hasonló,<img src=""></img><br> ähnlich
<img src=""></img><br>sejtelem,<img src=""></img><br>die Ahnung
<img src=""></img><br>aktuális,<img src=""></img><br> aktuell
<img src=""></img><br>album,<img src=""></img><br>das Album
<img src=""></img><br>alkohol,<img src=""></img><br>der Alkohol
<img src=""></img><br>aligátor,<img src=""></img><br>der Alligator
<img src=""></img><br>hétköznap,<img src=""></img><br>der Alltag
<img src=""></img><br>amikor,<img src=""></img><br> als (wann?)
<img src=""></img><br>mint,<img src=""></img><br> als (größer als...)
<img src=""></img><br>tehát,<img src=""></img><br> also
<img src=""></img><br>óváros,<img src=""></img><br>die Altstadt
<img src=""></img><br>jelzőlámpa,<img src=""></img><br>die Ampel
<img src=""></img><br>ananász,<img src=""></img><br>die Ananas
<img src=""></img><br>kínál,<img src=""></img><br> anbieten
<img src=""></img><br>megváltoztat,<img src=""></img><br> ändern
<img src=""></img><br>másmilyen,<img src=""></img><br> anders
<img src=""></img><br>megbarátkozik,<img src=""></img><br> anfreunden sich
<img src=""></img><br>valamilyen érzés,<img src=""></img><br> anfühlen sich
<img src=""></img><br>horgászik,<img src=""></img><br> angeln
<img src=""></img><br>megáll,<img src=""></img><br> anhalten
<img src=""></img><br>visszatart,<img src=""></img><br> anhalten
<img src=""></img><br>megérkezik,<img src=""></img><br> ankommen
<img src=""></img><br>bejelent,<img src=""></img><br> anmelden
<img src=""></img><br>megfog (itt: munkát),<img src=""></img><br> anpacken
<img src=""></img><br>felpróbál,<img src=""></img><br> anprobieren
<img src=""></img><br>elkészít,<img src=""></img><br> anrichten
<img src=""></img><br>megnéz,<img src=""></img><br> anschauen
<img src=""></img><br>beköti a biztonsági övet,<img src=""></img><br> anschnallen sich
<img src=""></img><br>különben,<img src=""></img><br> ansonsten
<img src=""></img><br>fárasztó,<img src=""></img><br> anstrengend
<img src=""></img><br>Antarktisz,<img src=""></img><br>die Antarktis
<img src=""></img><br>kiáll,<img src=""></img><br> antreten
<img src=""></img><br>válasz,<img src=""></img><br>die Antwort
<img src=""></img><br>hirdetés,<img src=""></img><br>die Anzeige
<img src=""></img><br>felvesz,<img src=""></img><br> anziehen
<img src=""></img><br>almafa,<img src=""></img><br>der Apfelbaum
<img src=""></img><br>gyógyszertáros(nő),<img src=""></img><br>die Apothekerin
<img src=""></img><br>alkalmazás; app,<img src=""></img><br>die App
<img src=""></img><br>akvárium,<img src=""></img><br>das Aquarium
<img src=""></img><br>munka,<img src=""></img><br>die Arbeit
<img src=""></img><br>munkaügyi hivatal,<img src=""></img><br>das Arbeitsamt
<img src=""></img><br>munkafüzet,<img src=""></img><br>das Arbeitsheft
<img src=""></img><br>bosszant vkit,<img src=""></img><br> ärgern (jemanden)
<img src=""></img><br>bosszankodik,<img src=""></img><br> ärgern sich
<img src=""></img><br>kar,<img src=""></img><br>der Arm
<img src=""></img><br>szegény,<img src=""></img><br> arm
<img src=""></img><br>orvos,<img src=""></img><br>der Arzt
<img src=""></img><br>hamu,<img src=""></img><br>die Asche
<img src=""></img><br>Hamupipőke,<img src=""></img><br>das Aschenputtel
<img src=""></img><br>etióp,<img src=""></img><br> äthiopisch
<img src=""></img><br>előadás,<img src=""></img><br>die Aufführung
<img src=""></img><br>felad,<img src=""></img><br> aufgeben
<img src=""></img><br>izgatott,<img src=""></img><br> aufgeregt sein
<img src=""></img><br>rajta van,<img src=""></img><br> aufhaben
<img src=""></img><br>ügyel vmire,<img src=""></img><br> aufpassen
<img src=""></img><br>felhívás,<img src=""></img><br>der Aufruf
<img src=""></img><br>felmelegít,<img src=""></img><br> aufwärmen
<img src=""></img><br>aula,<img src=""></img><br>die Aula
<img src=""></img><br>elfogyott,<img src=""></img><br> aus sein
<img src=""></img><br>szétválaszt,<img src=""></img><br> Auseinanderbringen
<img src=""></img><br>széthúz,<img src=""></img><br> Auseinanderziehen
<img src=""></img><br>kirándulás,<img src=""></img><br>der Ausflug
<img src=""></img><br>kinevet,<img src=""></img><br> auslachen
<img src=""></img><br>kipakol,<img src=""></img><br> auspacken
<img src=""></img><br>kikapcsol,<img src=""></img><br> ausschalten
<img src=""></img><br>kinéz,<img src=""></img><br> aussehen
<img src=""></img><br>ezenkívül,<img src=""></img><br> außerdem
<img src=""></img><br>kiszáll,<img src=""></img><br> aussteigen
<img src=""></img><br>kitöm,<img src=""></img><br> ausstopfen
<img src=""></img><br>kikeres,<img src=""></img><br> aussuchen
<img src=""></img><br>választék,<img src=""></img><br>die Auswahl
<img src=""></img><br>kiértékelés,<img src=""></img><br>die Auswertung
<img src=""></img><br>kifizet,<img src=""></img><br> auszahlen
<img src=""></img><br>autószerelő műhely,<img src=""></img><br>die Autowerkstatt
<img src=""></img><br>azték,<img src=""></img><br>der Azteke
<img src=""></img><br>pékség,<img src=""></img><br>die Bäckerei
<img src=""></img><br>banánsplit,<img src=""></img><br>das Bananensplit
<img src=""></img><br>pad,<img src=""></img><br>die Bank
<img src=""></img><br>bank,<img src=""></img><br>die Bank
<img src=""></img><br>parasztfiú,<img src=""></img><br>der Bauernsohn
<img src=""></img><br>építőkészlet,<img src=""></img><br>der Baukasten
<img src=""></img><br>bajor,<img src=""></img><br> bayrisch
<img src=""></img><br>megválaszol,<img src=""></img><br> beantworten
<img src=""></img><br>medence,<img src=""></img><br>das Becken
<img src=""></img><br>befed,<img src=""></img><br> bedecken
<img src=""></img><br>kiszabadít,<img src=""></img><br> befreien
<img src=""></img><br>barátságban van,<img src=""></img><br> befreundet sein
<img src=""></img><br>meglocsol,<img src=""></img><br> begießen
<img src=""></img><br>kíséret,<img src=""></img><br>die Begleitung
<img src=""></img><br>ural,<img src=""></img><br> beherrschen
<img src=""></img><br>mindkét,<img src=""></img><br> beide
<img src=""></img><br>hozzászólás,<img src=""></img><br>der Beitrag
<img src=""></img><br>ismert,<img src=""></img><br> bekannt
<img src=""></img><br>kedvelt,<img src=""></img><br> beliebt
<img src=""></img><br>hegyi átjáró,<img src=""></img><br>der Bergübergang
<img src=""></img><br>tudósítás,<img src=""></img><br>der Bericht
<img src=""></img><br>megvéd,<img src=""></img><br> beschützen
<img src=""></img><br>védelmező,<img src=""></img><br>der Beschützer
<img src=""></img><br>meglátogat,<img src=""></img><br> besichtigen
<img src=""></img><br>tulajdonos,<img src=""></img><br>der Besitzer
<img src=""></img><br>megcsodál,<img src=""></img><br> bestaunen
<img src=""></img><br>letesz (vizsgát),<img src=""></img><br> bestehen (Prüfung)
<img src=""></img><br>biztos,<img src=""></img><br> bestimmt
<img src=""></img><br>látogatás,<img src=""></img><br>der Besuch
<img src=""></img><br>belép vhová,<img src=""></img><br> betreten
<img src=""></img><br>üzem,<img src=""></img><br>der Betrieb
<img src=""></img><br>mielőtt,<img src=""></img><br> bevor
<img src=""></img><br>őriz,<img src=""></img><br> bewachen
<img src=""></img><br>mozgat,<img src=""></img><br> bewegen
<img src=""></img><br>értékelés,<img src=""></img><br>die Bewertung
<img src=""></img><br>lakható,<img src=""></img><br> bewohnbar
<img src=""></img><br>megcsodál,<img src=""></img><br> bewundern
<img src=""></img><br>fizet,<img src=""></img><br> bezahlen
<img src=""></img><br>sör,<img src=""></img><br>das Bier
<img src=""></img><br>kínál,<img src=""></img><br> bieten
<img src=""></img><br>képernyő,<img src=""></img><br>der Bildschirm
<img src="https://st5.depositphotos.com/1642684/72171/v/450/depositphotos_721710950-stock-illustration-structure-plant-cell.jpg"></img><br>biológia,<img src="https://st5.depositphotos.com/1642684/72171/v/450/depositphotos_721710950-stock-illustration-structure-plant-cell.jpg"></img><br>die Biologie
<img src=""></img><br>-ig,<img src=""></img><br> bis zu
<img src=""></img><br>keserű,<img src=""></img><br> bitter
<img src=""></img><br>fúj,<img src=""></img><br> blasen
<img src=""></img><br>marad,<img src=""></img><br> bleiben
<img src=""></img><br>szőke,<img src=""></img><br> blond
<img src=""></img><br>csónak,<img src=""></img><br>das Boot
<img src=""></img><br>mérges,<img src=""></img><br> böse
<img src=""></img><br>követ,<img src=""></img><br>der Bote
<img src=""></img><br>brazil,<img src=""></img><br> brasilianisch
<img src=""></img><br>Brazilia,<img src=""></img><br> Brasilien
<img src=""></img><br>menyasszony,<img src=""></img><br>die Braut
<img src=""></img><br>breakdance,<img src=""></img><br>der Breakdance
<img src=""></img><br>eltörik,<img src=""></img><br> brechen
<img src=""></img><br>társasjáték,<img src=""></img><br>das Brettspiel
<img src=""></img><br>levél,<img src=""></img><br>der Brief
<img src=""></img><br>kút,<img src=""></img><br>der Brunnen
<img src=""></img><br>hid,<img src=""></img><br>die Brücke
<img src=""></img><br>mell,<img src=""></img><br>die Brust
<img src=""></img><br>mellvért,<img src=""></img><br>der Brustpanzer
<img src=""></img><br>színpad,<img src=""></img><br>die Bühne
<img src=""></img><br>vár,<img src=""></img><br>die Burg
<img src=""></img><br>várkisasszony,<img src=""></img><br>das Burgfräulein
<img src=""></img><br>kávéház,<img src=""></img><br>das Café
<img src=""></img><br>CD,<img src=""></img><br>die CD
<img src=""></img><br>csetel,<img src=""></img><br> chatten
<img src=""></img><br>kémia,<img src=""></img><br>die Chemie
<img src=""></img><br>Kina,<img src=""></img><br> China
<img src=""></img><br>kínai,<img src=""></img><br>der Chinese
<img src=""></img><br>kórus,<img src=""></img><br>der Chor
<img src=""></img><br>unokatestvér (fiú),<img src=""></img><br>der Cousin
<img src=""></img><br>közben,<img src=""></img><br> dabei
<img src=""></img><br>mellette van,<img src=""></img><br> dafür sein
<img src=""></img><br>ellene van,<img src=""></img><br> dagegen sein
<img src=""></img><br>akkoriban,<img src=""></img><br> damals
<img src=""></img><br>azután,<img src=""></img><br> danach
<img src=""></img><br>Dánia,<img src=""></img><br> Dänemark
<img src=""></img><br>alatta,<img src=""></img><br> darunter
<img src=""></img><br>hogy,<img src=""></img><br> dass
<img src=""></img><br>fájl,<img src=""></img><br>die Datei
<img src=""></img><br>gondol,<img src=""></img><br> denken
<img src=""></img><br>emlékmű,<img src=""></img><br>das Denkmal
<img src=""></img><br>mert,<img src=""></img><br> denn
<img src=""></img><br>ezért,<img src=""></img><br> deshalb
<img src="https://static9.depositphotos.com/1559686/1097/i/380/depositphotos_10973867-stock-photo-drawing-empty-diagram.jpg"></img><br>tervez,<img src="https://static9.depositphotos.com/1559686/1097/i/380/depositphotos_10973867-stock-photo-drawing-empty-diagram.jpg"></img><br> designen
<img src=""></img><br>sűrű,<img src=""></img><br> dicht
<img src=""></img><br>szobalány,<img src=""></img><br>das Dienstmädchen
<img src=""></img><br>dinoszaurusz,<img src=""></img><br>der Dinosaurier
<img src=""></img><br>közvetlenül,<img src=""></img><br> direkt
<img src=""></img><br>de,<img src=""></img><br> doch
<img src=""></img><br>dokumentum,<img src=""></img><br>das Dokument
<img src=""></img><br>dóm,<img src=""></img><br>der Dom
<img src=""></img><br>ostoba,<img src=""></img><br> doof
<img src=""></img><br>dozens(nő),<img src=""></img><br>die Dozentin
<img src=""></img><br>forgat (filmet),<img src=""></img><br> drehen (Film)
<img src=""></img><br>nyomtat,<img src=""></img><br> drucken
<img src=""></img><br>dzsungel,<img src=""></img><br>der Dschungel
<img src="https://st4.depositphotos.com/20363444/39770/i/450/depositphotos_397702384-stock-photo-selective-focus-young-woman-white.jpg"></img><br>szabad,<img src="https://st4.depositphotos.com/20363444/39770/i/450/depositphotos_397702384-stock-photo-selective-focus-young-woman-white.jpg"></img><br> dürfen
<img src=""></img><br>igazi,<img src=""></img><br> echt
<img src=""></img><br>sarok,<img src=""></img><br>die Ecke
<img src=""></img><br>őszinte,<img src=""></img><br> ehrlich
<img src=""></img><br>tulajdonképpen,<img src=""></img><br> eigentlich
<img src=""></img><br>vödör,<img src=""></img><br>der Eimer
<img src=""></img><br>egy kicsit,<img src=""></img><br> ein bisschen
<img src=""></img><br>egymás,<img src=""></img><br> einander
<img src=""></img><br>belélegez,<img src=""></img><br> einatmen
<img src=""></img><br>egyszerű,<img src=""></img><br> einfach
<img src=""></img><br>behajtás (járművel),<img src=""></img><br>die Einfahrt
<img src=""></img><br>családiház,<img src=""></img><br>das Einfamilienhaus
<img src=""></img><br>betart,<img src=""></img><br> einhalten
<img src=""></img><br>egységes,<img src=""></img><br> einheitlich
<img src=""></img><br>néhány,<img src=""></img><br> einige
<img src=""></img><br>egykerekű,<img src=""></img><br>das Einrad
<img src=""></img><br>belépés,<img src=""></img><br>der Eintritt
<img src=""></img><br>egyetért,<img src=""></img><br> einverstanden sein
<img src=""></img><br>lakos,<img src=""></img><br>der Einwohner
<img src=""></img><br>népességnyilvántartó hivatal,<img src=""></img><br>das Einwohnermeldeamt
<img src=""></img><br>befizet,<img src=""></img><br> einzahlen
<img src=""></img><br>fagylaltozó és kávézó,<img src=""></img><br>das Eiscafé
<img src=""></img><br>fagylaltozó,<img src=""></img><br>die Eisdiele
<img src=""></img><br>vasból való,<img src=""></img><br> eisern
<img src=""></img><br>gyorskorcsolyázó,<img src=""></img><br>der Eisschnellläufer
<img src=""></img><br>undorító,<img src=""></img><br> eklig
<img src=""></img><br>érzelmes,<img src=""></img><br> emotional
<img src=""></img><br>végződik,<img src=""></img><br> enden
<img src=""></img><br>energia,<img src=""></img><br>die Energie
<img src=""></img><br>szűk,<img src=""></img><br> eng
<img src=""></img><br>angyal,<img src=""></img><br>der Engel
<img src=""></img><br>felfedez,<img src=""></img><br> entdecken
<img src=""></img><br>Bocsásson meg!,<img src=""></img><br> Entschuldigen Sie!
<img src=""></img><br>keletkezik,<img src=""></img><br> entstehen
<img src=""></img><br>fejleszt,<img src=""></img><br> entwickeln
<img src=""></img><br>epres fagylaltkehely,<img src=""></img><br>der Erdbeerbecher
<img src=""></img><br>eper,<img src=""></img><br>die Erdbeere
<img src=""></img><br>föld,<img src=""></img><br>die Erde
<img src=""></img><br>földszint,<img src=""></img><br>das Erdgeschoss
<img src=""></img><br>esemény,<img src=""></img><br>das Ereignis
<img src=""></img><br>megtud,<img src=""></img><br> erfahren
<img src=""></img><br>tapasztalat,<img src=""></img><br>die Erfahrung
<img src=""></img><br>feltalál,<img src=""></img><br> erfinden
<img src=""></img><br>találmány,<img src=""></img><br>die Erfindung
<img src=""></img><br>sikeres,<img src=""></img><br> erfolgreich
<img src=""></img><br>meg van fázva,<img src=""></img><br> erkältet sein
<img src=""></img><br>megfázás,<img src=""></img><br>die Erkältung
<img src=""></img><br>felismer,<img src=""></img><br> erkennen
<img src=""></img><br>elmagyaráz,<img src=""></img><br> erklären
<img src=""></img><br>átél,<img src=""></img><br> erleben
<img src=""></img><br>élmény,<img src=""></img><br>das Erlebnis
<img src=""></img><br>arat,<img src=""></img><br> ernten
<img src=""></img><br>meghódít,<img src=""></img><br> erobern
<img src=""></img><br>megnyit,<img src=""></img><br> eröffnen
<img src=""></img><br>először,<img src=""></img><br> erst
<img src=""></img><br>felnőtt,<img src=""></img><br>der/die Erwachsene
<img src=""></img><br>mesél,<img src=""></img><br> erzählen
<img src=""></img><br>elbeszélés,<img src=""></img><br>die Erzählung
<img src=""></img><br>szakértő,<img src=""></img><br>der Experte
<img src=""></img><br>gyár,<img src=""></img><br>die Fabrik
<img src=""></img><br>favázas ház,<img src=""></img><br>das Fachwerkhaus
<img src=""></img><br>úttest,<img src=""></img><br>die Fahrbahn
<img src=""></img><br>utazás,<img src=""></img><br>die Fahrt
<img src=""></img><br>jármű,<img src=""></img><br>das Fahrzeug
<img src=""></img><br>(le)esik,<img src=""></img><br> fallen
<img src=""></img><br>fog,<img src=""></img><br> fangen
<img src=""></img><br>lusta,<img src=""></img><br> faul
<img src=""></img><br>lajhár,<img src=""></img><br>das Faultier
<img src=""></img><br>tündér,<img src=""></img><br>die Fee
<img src=""></img><br>hiányzik (Mi bajod?),<img src=""></img><br> fehlen (Was fehlt dir?)
<img src=""></img><br>hiba,<img src=""></img><br>der Fehler
<img src=""></img><br>bunda,<img src=""></img><br>das Fell
<img src=""></img><br>televízió,<img src=""></img><br>der Fernseher
<img src=""></img><br>kész,<img src=""></img><br> fertig
<img src=""></img><br>díszterem,<img src=""></img><br>der Festsaal
<img src=""></img><br>vár,<img src=""></img><br>die Festung
<img src=""></img><br>kövér,<img src=""></img><br> fett
<img src=""></img><br>láz,<img src=""></img><br>das Fieber
<img src=""></img><br>kitalált,<img src=""></img><br> fiktiv
<img src=""></img><br>filmszereplő,<img src=""></img><br>die Filmfigur
<img src=""></img><br>ujj,<img src=""></img><br>der Finger
<img src=""></img><br>cég,<img src=""></img><br>die Firma
<img src=""></img><br>terület,<img src=""></img><br>die Fläche
<img src=""></img><br>folt,<img src=""></img><br>der Fleck
<img src=""></img><br>szorgalmas,<img src=""></img><br> fleißig
<img src=""></img><br>repülőtér,<img src=""></img><br>der Flughafen
<img src=""></img><br>folyó,<img src=""></img><br>der Fluss
<img src=""></img><br>folyadék,<img src=""></img><br>die Flüssigkeit
<img src=""></img><br>dagály,<img src=""></img><br>die Flut
<img src=""></img><br>következik,<img src=""></img><br> folgen
<img src=""></img><br>forma,<img src=""></img><br>die Form
<img src=""></img><br>el,<img src=""></img><br> fort
<img src=""></img><br>Franciaország,<img src=""></img><br> Frankreich
<img src=""></img><br>szabaddá tesz,<img src=""></img><br> freimachen
<img src=""></img><br>szabadidő,<img src=""></img><br>die Freizeit
<img src=""></img><br>idegen,<img src=""></img><br> fremd
<img src=""></img><br>örül,<img src=""></img><br> freuen sich
<img src=""></img><br>barátságos,<img src=""></img><br> freundlich
<img src=""></img><br>barátság,<img src=""></img><br>die Freundschaft
<img src=""></img><br>barátságkarkötő,<img src=""></img><br>das Freundschaftsbändchen
<img src=""></img><br>békés,<img src=""></img><br> friedlich
<img src=""></img><br>fázik,<img src=""></img><br> frieren
<img src="https://st2.depositphotos.com/3378121/5455/i/450/depositphotos_54555903-stock-photo-smiling-chihuahua.jpg"></img><br>vidám,<img src="https://st2.depositphotos.com/3378121/5455/i/450/depositphotos_54555903-stock-photo-smiling-chihuahua.jpg"></img><br> froh
<img src=""></img><br>gyümölcs,<img src=""></img><br>die Frucht
<img src=""></img><br>korán,<img src=""></img><br> früh
<img src=""></img><br>korábban,<img src=""></img><br> früher
<img src=""></img><br>róka,<img src=""></img><br>der Fuchs
<img src=""></img><br>érzi magát,<img src=""></img><br> fühlen sich
<img src=""></img><br>folytat,<img src=""></img><br> führen
<img src=""></img><br>idegenvezetés,<img src=""></img><br>die Führung
<img src="https://static4.depositphotos.com/1004757/307/i/450/depositphotos_3075890-stock-photo-sexy-women-legs.jpg"></img><br>láb,<img src="https://static4.depositphotos.com/1004757/307/i/450/depositphotos_3075890-stock-photo-sexy-women-legs.jpg"></img><br>der Fuß
<img src=""></img><br>gyalogos,<img src=""></img><br>der Fußgänger
<img src=""></img><br>kertészet,<img src=""></img><br>die Gärtnerei
<img src="https://st2.depositphotos.com/1007930/5368/i/380/depositphotos_53685219-stock-photo-shanghai.jpg"></img><br>utca,<img src="https://st2.depositphotos.com/1007930/5368/i/380/depositphotos_53685219-stock-photo-shanghai.jpg"></img><br>die Gasse
<img src=""></img><br>vendég,<img src=""></img><br>der Gast
<img src=""></img><br>vendéglő,<img src=""></img><br>das Gasthaus
<img src=""></img><br>terület,<img src=""></img><br>das Gebiet
<img src=""></img><br>szülőház,<img src=""></img><br>das Geburtshaus
<img src=""></img><br>türelmes,<img src=""></img><br> geduldig
<img src=""></img><br>veszély,<img src=""></img><br>die Gefahr
<img src=""></img><br>érzés,<img src=""></img><br>das Gefühl
<img src=""></img><br>bélelt,<img src=""></img><br> gefüttert
<img src=""></img><br>ellen,<img src=""></img><br> gegen
<img src=""></img><br>egymás ellen,<img src=""></img><br> gegeneinander
<img src=""></img><br>valakié,<img src=""></img><br> gehören
<img src=""></img><br>hegedű,<img src=""></img><br>die Geige
<img src=""></img><br>terület,<img src=""></img><br>das Gelände
<img src=""></img><br>pénzdarab,<img src=""></img><br>das Geldstück
<img src=""></img><br>ugyanolyan,<img src=""></img><br> genauso
<img src=""></img><br>elég,<img src=""></img><br> genug
<img src=""></img><br>nyitva,<img src=""></img><br> geöffnet
<img src=""></img><br>gepárd,<img src=""></img><br>der Gepard
<img src=""></img><br>éppen,<img src=""></img><br> gerade
<img src=""></img><br>egyenesen,<img src=""></img><br> geradeaus
<img src=""></img><br>készülék,<img src=""></img><br>das Gerät
<img src=""></img><br>bíróság,<img src=""></img><br>das Gericht
<img src=""></img><br>történet,<img src=""></img><br>die Geschichte
<img src=""></img><br>történelem,<img src=""></img><br>die Geschichte
<img src=""></img><br>történelem-tanárnő,<img src=""></img><br>die Geschichtslehrerin
<img src=""></img><br>zárva,<img src=""></img><br> geschlossen
<img src=""></img><br>védett,<img src=""></img><br> geschützt
<img src=""></img><br>testvérek,<img src=""></img><br>die Geschwister
<img src=""></img><br>szellem,<img src=""></img><br>das Gespenst
<img src=""></img><br>beszélgetés,<img src=""></img><br>das Gespräch
<img src=""></img><br>Egészségedre!,<img src=""></img><br> Gesundheit!
<img src=""></img><br>ital,<img src=""></img><br>das Getränk
<img src=""></img><br>nyer,<img src=""></img><br> gewinnen
<img src=""></img><br>fűszer,<img src=""></img><br>das Gewürz
<img src=""></img><br>Gána,<img src=""></img><br> Ghana
<img src=""></img><br>üveg,<img src=""></img><br>das Glas
<img src=""></img><br>sima,<img src=""></img><br> glatt
<img src=""></img><br>egyforma,<img src=""></img><br> gleich
<img src=""></img><br>egyensúly,<img src=""></img><br>das Gleichgewicht
<img src=""></img><br>gleccser,<img src=""></img><br>der Gletscher
<img src=""></img><br>arany,<img src=""></img><br>das Gold
<img src="https://st2.depositphotos.com/1967477/8419/v/380/depositphotos_84196012-stock-illustration-crying-emoticon-smiley-face-character.jpg"></img><br>sír,<img src="https://st2.depositphotos.com/1967477/8419/v/380/depositphotos_84196012-stock-illustration-crying-emoticon-smiley-face-character.jpg"></img><br>das Grab
<img src=""></img><br>fok,<img src=""></img><br>das Grad
<img src=""></img><br>Görögország,<img src=""></img><br> Griechenland
<img src=""></img><br>grillezik,<img src=""></img><br> grillen
<img src=""></img><br>Nagy- Britannia,<img src=""></img><br> Großbritannien
<img src=""></img><br>alapít,<img src=""></img><br> gründen
<img src=""></img><br>általános iskola,<img src=""></img><br>die Grundschule
<img src=""></img><br>csoport,<img src=""></img><br>die Gruppe
<img src=""></img><br>néz,<img src=""></img><br> gucken
<img src=""></img><br>gumimaci,<img src=""></img><br>das Gummibärchen
<img src=""></img><br>Jobbulást!,<img src=""></img><br> Gute Besserung!
<img src=""></img><br>Jó étvágyat!,<img src=""></img><br> Guten Appetit!
<img src=""></img><br>gimnázium,<img src=""></img><br>das Gymnasium
<img src=""></img><br>kikötő,<img src=""></img><br>der Hafen
<img src=""></img><br>zabpehely,<img src=""></img><br>die Haferflocken
<img src=""></img><br>félsziget,<img src=""></img><br>die Halbinsel
<img src=""></img><br>Hallig-sziget,<img src=""></img><br>die Hallig
<img src=""></img><br>nyak,<img src=""></img><br>der Hals
<img src=""></img><br>tart,<img src=""></img><br> halten
<img src=""></img><br>megálló,<img src=""></img><br>die Haltestelle
<img src=""></img><br>kéz,<img src=""></img><br>die Hand
<img src=""></img><br>kézilabda,<img src=""></img><br>der Handball
<img src=""></img><br>kesztyű,<img src=""></img><br>der Handschuh
<img src="https://st.depositphotos.com/1063346/1364/i/450/depositphotos_13643724-stock-photo-primary-colored-t-shirts.jpg"></img><br>lóg,<img src="https://st.depositphotos.com/1063346/1364/i/450/depositphotos_13643724-stock-photo-primary-colored-t-shirts.jpg"></img><br> hängen
<img src=""></img><br>kemény,<img src=""></img><br> hart
<img src=""></img><br>megver,<img src=""></img><br> hauen
<img src=""></img><br>fő probléma,<img src=""></img><br>das Hauptproblem
<img src=""></img><br>megházasodik,<img src=""></img><br> heiraten
<img src="https://st.depositphotos.com/1269403/1963/v/450/depositphotos_19630781-stock-illustration-fire004.jpg"></img><br>forró,<img src="https://st.depositphotos.com/1269403/1963/v/450/depositphotos_19630781-stock-illustration-fire004.jpg"></img><br> heiß
<img src=""></img><br>hős,<img src=""></img><br>der Held
<img src=""></img><br>ing,<img src=""></img><br>das Hemd
<img src=""></img><br>ide,<img src=""></img><br> her
<img src=""></img><br>kijön,<img src=""></img><br> Herauskommen
<img src=""></img><br>kiolvas,<img src=""></img><br> herauslesen
<img src=""></img><br>tűzhely,<img src=""></img><br>der Herd
<img src=""></img><br>előállít,<img src=""></img><br> herstellen
<img src=""></img><br>előállítás,<img src=""></img><br>die Herstellung
<img src=""></img><br>kocsikázik,<img src=""></img><br> herumfahren
<img src=""></img><br>ugrándozik,<img src=""></img><br> herumhüpfen
<img src=""></img><br>letölt,<img src=""></img><br> Herunterladen
<img src=""></img><br>széna,<img src=""></img><br>das Heu
<img src=""></img><br>boszorkány,<img src=""></img><br>die Hexe
<img src=""></img><br>segítség,<img src=""></img><br>die Hilfe
<img src=""></img><br>málna,<img src=""></img><br>die Himbeere
<img src=""></img><br>málnafagylalt,<img src=""></img><br>das Himbeereis
<img src=""></img><br>ég,<img src=""></img><br>der Himmel
<img src=""></img><br>oda,<img src=""></img><br> hin
<img src=""></img><br>túlnyúlik,<img src=""></img><br> hinausragen
<img src=""></img><br>bemegy,<img src=""></img><br> hineingehen
<img src=""></img><br>elesik,<img src=""></img><br> hinfallen
<img src=""></img><br>mögött,<img src=""></img><br> hinter
<img src=""></img><br>magas,<img src=""></img><br> hoch
<img src=""></img><br>toronyház,<img src=""></img><br>das Hochhaus
<img src=""></img><br>főiskola,<img src=""></img><br>die Hochschule
<img src=""></img><br>esküvő,<img src=""></img><br>die Hochzeit
<img src=""></img><br>udvarias,<img src=""></img><br> höflich
<img src="https://st4.depositphotos.com/26832122/31395/i/450/depositphotos_313954708-stock-photo-serving-staff-bringing-lunch-visitors.jpg"></img><br>hoz,<img src="https://st4.depositphotos.com/26832122/31395/i/450/depositphotos_313954708-stock-photo-serving-staff-bringing-lunch-visitors.jpg"></img><br> holen
<img src="https://st5.depositphotos.com/42829300/83625/v/450/depositphotos_836250504-stock-illustration-abstract-cartoon-tree-green-leaves.jpg"></img><br>fa,<img src="https://st5.depositphotos.com/42829300/83625/v/450/depositphotos_836250504-stock-illustration-abstract-cartoon-tree-green-leaves.jpg"></img><br>das Holz
<img src=""></img><br>hangjáték,<img src=""></img><br>das Hörspiel
<img src=""></img><br>nadrágzseb,<img src=""></img><br>die Hosentasche
<img src=""></img><br>patkó,<img src=""></img><br>das Hufeisen
<img src=""></img><br>humor,<img src=""></img><br>der Humor
<img src=""></img><br>kutyaól,<img src=""></img><br>die Hundehütte
<img src=""></img><br>ugrál,<img src=""></img><br> hüpfen
<img src=""></img><br>köhögés,<img src=""></img><br>der Husten
<img src=""></img><br>köhög,<img src=""></img><br> husten
<img src=""></img><br>eszményi,<img src=""></img><br> ideal
<img src=""></img><br>indián,<img src=""></img><br>der Indianer
<img src=""></img><br>információ,<img src=""></img><br>die Information
<img src=""></img><br>informativ,<img src=""></img><br> informativ
<img src=""></img><br>informál,<img src=""></img><br> informieren
<img src=""></img><br>inhalál,<img src=""></img><br> inhalieren
<img src=""></img><br>beleértve,<img src=""></img><br> inklusive
<img src="https://st3.depositphotos.com/1642684/32424/v/380/depositphotos_324244072-stock-illustration-little-kid-riding-roller-skate.jpg"></img><br>görkorcsolyázik,<img src="https://st3.depositphotos.com/1642684/32424/v/380/depositphotos_324244072-stock-illustration-little-kid-riding-roller-skate.jpg"></img><br> inlineskaten
<img src=""></img><br>görkorcsolya,<img src=""></img><br>die Inlineskates
<img src=""></img><br>összesen,<img src=""></img><br> insgesamt
<img src=""></img><br>intelligens,<img src=""></img><br> intelligent
<img src=""></img><br>érdeklődés,<img src=""></img><br>das Interesse
<img src=""></img><br>érdeklődik,<img src=""></img><br> interessieren
<img src=""></img><br>bentlakásos iskola,<img src=""></img><br>das Internat
<img src=""></img><br>interjú,<img src=""></img><br>das Interview
<img src=""></img><br>akármilyen,<img src=""></img><br> irgendein
<img src=""></img><br>valamikor,<img src=""></img><br> irgendwann
<img src=""></img><br>Olaszország,<img src=""></img><br> Italien
<img src=""></img><br>üldöz,<img src=""></img><br> jagen
<img src=""></img><br>évszázad,<img src=""></img><br>das Jahrhundert
<img src=""></img><br>évente,<img src=""></img><br> jährlich
<img src=""></img><br>Japán,<img src=""></img><br> Japan
<img src=""></img><br>mindegyik,<img src=""></img><br> jede/r/s
<img src=""></img><br>valaki,<img src=""></img><br> jemand
<img src=""></img><br>munka,<img src=""></img><br>der Job
<img src=""></img><br>jojó,<img src=""></img><br>das Jo-Jo
<img src=""></img><br>fiatal,<img src=""></img><br>der/die Jugendliche
<img src=""></img><br>kávé,<img src=""></img><br>der Kaffee
<img src=""></img><br>kakaóbab,<img src=""></img><br>die Kakaobohne
<img src=""></img><br>borjú,<img src=""></img><br>das Kalb
<img src=""></img><br>harcol,<img src=""></img><br> kämpfen
<img src="https://st3.depositphotos.com/1030387/18110/v/380/depositphotos_181108210-stock-illustration-windy-day-cloud-blowing-wind.jpg"></img><br>szél,<img src="https://st3.depositphotos.com/1030387/18110/v/380/depositphotos_181108210-stock-illustration-windy-day-cloud-blowing-wind.jpg"></img><br>die Kante
<img src=""></img><br>kanton,<img src=""></img><br>der Kanton
<img src=""></img><br>karrier,<img src=""></img><br>die Karriere
<img src=""></img><br>krumpli,<img src=""></img><br>die Kartoffel
<img src=""></img><br>sajtfondü,<img src=""></img><br>das Käsefondue
<img src=""></img><br>áruház,<img src=""></img><br>das Kaufhaus
<img src=""></img><br>rágógumi,<img src=""></img><br>der Kaugummi
<img src=""></img><br>alig,<img src=""></img><br> kaum
<img src=""></img><br>pincér,<img src=""></img><br>der Keller
<img src=""></img><br>ismer,<img src=""></img><br> kennen
<img src=""></img><br>megismerkedik,<img src=""></img><br> kennenlernen
<img src=""></img><br>gyertya,<img src=""></img><br>die Kerze
<img src=""></img><br>páncéling,<img src=""></img><br>das Kettenhemd
<img src=""></img><br>gyerekszerető,<img src=""></img><br> kinderlieb
<img src=""></img><br>gyerekülés,<img src=""></img><br>der Kindersitz
<img src=""></img><br>babakocsi,<img src=""></img><br>der Kinderwagen
<img src=""></img><br>párna,<img src=""></img><br>das Kissen
<img src=""></img><br>láda,<img src=""></img><br>die Kiste
<img src=""></img><br>cucc,<img src=""></img><br>die Klamotten
<img src=""></img><br>sikerül,<img src=""></img><br> klappen
<img src=""></img><br>osztálykirándulás,<img src=""></img><br>die Klassenfahrt
<img src=""></img><br>tapsol,<img src=""></img><br> klatschen
<img src=""></img><br>ruha,<img src=""></img><br>das Kleid
<img src=""></img><br>ruházat,<img src=""></img><br>die Kleidung
<img src=""></img><br>kisvállalkozás,<img src=""></img><br>das Kleinunternehmen
<img src=""></img><br>csönget,<img src=""></img><br> klingeln
<img src=""></img><br>csöngetés,<img src=""></img><br>das Klingelzeichen
<img src=""></img><br>kopog,<img src=""></img><br> klopfen
<img src=""></img><br>okos,<img src=""></img><br> klug
<img src=""></img><br>koala,<img src=""></img><br>der Koala
<img src=""></img><br>bőrönd,<img src=""></img><br>der Koffer
<img src=""></img><br>kolibri,<img src=""></img><br>der Kolibri
<img src=""></img><br>fiókos szekrény,<img src=""></img><br>die Kommode
<img src=""></img><br>bonyolult,<img src=""></img><br> kompliziert
<img src=""></img><br>király,<img src=""></img><br>der König
<img src=""></img><br>királynő,<img src=""></img><br>die Königin
<img src=""></img><br>földrész,<img src=""></img><br>der Kontinent
<img src=""></img><br>koncert,<img src=""></img><br>das Konzert
<img src=""></img><br>test,<img src=""></img><br>der Körper
<img src=""></img><br>testfelépítés,<img src=""></img><br>der Körperbau
<img src=""></img><br>testrész,<img src=""></img><br>der Körperteil
<img src=""></img><br>javít,<img src=""></img><br> korrigieren
<img src=""></img><br>ingyen(es),<img src=""></img><br> kostenlos
<img src=""></img><br>erős,<img src=""></img><br> kräftig
<img src=""></img><br>kórház,<img src=""></img><br>das Krankenhaus
<img src=""></img><br>gyógynövény,<img src=""></img><br>die Kräuter
<img src=""></img><br>háború,<img src=""></img><br>der Krieg
<img src=""></img><br>korona,<img src=""></img><br>die Krone
<img src=""></img><br>kakukk,<img src=""></img><br>der Kuckuck
<img src=""></img><br>golyó,<img src=""></img><br>die Kugel
<img src=""></img><br>hűtőszekrény,<img src=""></img><br>der Kühlschrank
<img src=""></img><br>kultúra,<img src=""></img><br>die Kultur
<img src=""></img><br>tanfolyam,<img src=""></img><br>der Kurs
<img src=""></img><br>rövid hir,<img src=""></img><br>die Kurznachricht
<img src=""></img><br>kocsi,<img src=""></img><br>die Kutsche
<img src=""></img><br>bolt,<img src=""></img><br>der Laden
<img src=""></img><br>tábortűz,<img src=""></img><br>das Lagerfeuer
<img src=""></img><br>lámpaláz,<img src=""></img><br>das Lampenfieber
<img src=""></img><br>unalom,<img src=""></img><br>die Langeweile
<img src=""></img><br>lassan,<img src=""></img><br> langsam
<img src=""></img><br>unatkozik,<img src=""></img><br>sich langweilen
<img src=""></img><br>lándzsa,<img src=""></img><br>die Lanze
<img src=""></img><br>laptop,<img src=""></img><br>der Laptop
<img src=""></img><br>latin,<img src=""></img><br>das Latein
<img src=""></img><br>megy (a rádióban tévében),<img src=""></img><br> laufen
<img src=""></img><br>kedv,<img src=""></img><br>die Laune
<img src=""></img><br>lavina,<img src=""></img><br>die Lawine
<img src=""></img><br>élet,<img src=""></img><br>das Leben
<img src=""></img><br>tesz,<img src=""></img><br> legen
<img src=""></img><br>leguán,<img src=""></img><br>der Leguan
<img src=""></img><br>sajnál,<img src=""></img><br> leidtun
<img src=""></img><br>vetítővászon,<img src=""></img><br>die Leinwand
<img src=""></img><br>teljesítmény,<img src=""></img><br>die Leistung
<img src=""></img><br>vezet,<img src=""></img><br> leiten
<img src=""></img><br>felolvasás,<img src=""></img><br>die Lesung
<img src=""></img><br>utolsó,<img src=""></img><br> letzte/r/s
<img src=""></img><br>világít,<img src=""></img><br> leuchten
<img src=""></img><br>emberek,<img src=""></img><br>die Leute
<img src=""></img><br>fény,<img src=""></img><br>das Licht
<img src=""></img><br>üdítőital,<img src=""></img><br>die Limonade
<img src=""></img><br>balra,<img src=""></img><br> links
<img src=""></img><br>lencse,<img src=""></img><br>die Linse
<img src=""></img><br>lista,<img src=""></img><br>die Liste
<img src=""></img><br>liter,<img src=""></img><br>der Liter
<img src=""></img><br>lyuk,<img src=""></img><br>das Loch
<img src=""></img><br>megéri,<img src=""></img><br> lohnen sich
<img src=""></img><br>nyalóka,<img src=""></img><br>der Lolli
<img src=""></img><br>történik valami,<img src=""></img><br> los sein
<img src=""></img><br>megold,<img src=""></img><br> lösen
<img src=""></img><br>kezdődik,<img src=""></img><br> losgehen
<img src=""></img><br>megoldás,<img src=""></img><br>die Lösung
<img src=""></img><br>levegő,<img src=""></img><br>die Luft
<img src=""></img><br>hatalmas,<img src=""></img><br> mächtig
<img src=""></img><br>magazin,<img src=""></img><br>das Magazin
<img src=""></img><br>mangó,<img src=""></img><br>die Mango
<img src=""></img><br>csapat,<img src=""></img><br>die Mannschaft
<img src=""></img><br>manufaktúra,<img src=""></img><br>die Manufaktur
<img src=""></img><br>mese,<img src=""></img><br>das Märchen
<img src=""></img><br>márka,<img src=""></img><br>die Marke
<img src=""></img><br>piac,<img src=""></img><br>der Markt
<img src=""></img><br>piactér,<img src=""></img><br>der Marktplatz
<img src=""></img><br>gép,<img src=""></img><br>die Maschine
<img src=""></img><br>tömeg,<img src=""></img><br>die Masse
<img src=""></img><br>érem,<img src=""></img><br>die Medaille
<img src=""></img><br>média,<img src=""></img><br>das Medium
<img src=""></img><br>orvosság,<img src=""></img><br>die Medizin
<img src=""></img><br>társasház,<img src=""></img><br>das Mehrfamilienhaus
<img src=""></img><br>többször,<img src=""></img><br> mehrmals
<img src=""></img><br>vélemény,<img src=""></img><br>die Meinung
<img src=""></img><br>hír,<img src=""></img><br>die Meldung
<img src=""></img><br>mennyiség,<img src=""></img><br>die Menge
<img src=""></img><br>mér,<img src=""></img><br> messen
<img src=""></img><br>Mexikó,<img src=""></img><br> Mexiko
<img src=""></img><br>mikrofon,<img src=""></img><br>das Mikrofon
<img src=""></img><br>turmix,<img src=""></img><br>der Milchshake
<img src=""></img><br>millió,<img src=""></img><br>die Million
<img src=""></img><br>ásványvíz,<img src=""></img><br>das Mineralwasser
<img src=""></img><br>mini,<img src=""></img><br> mini
<img src=""></img><br>egymással,<img src=""></img><br> miteinander
<img src=""></img><br>ebéd,<img src=""></img><br>das Mittagessen
<img src=""></img><br>közép,<img src=""></img><br>die Mitte
<img src=""></img><br>középkor,<img src=""></img><br>das Mittelalter
<img src=""></img><br>középkori,<img src=""></img><br> mittelalterlich
<img src=""></img><br>egyveleg,<img src=""></img><br>der Mix
<img src=""></img><br>divat,<img src=""></img><br>die Mode
<img src=""></img><br>modellvasút,<img src=""></img><br>die Modelleisenbahn
<img src=""></img><br>műsorvezető,<img src=""></img><br>der Moderator
<img src=""></img><br>modern,<img src=""></img><br> modern
<img src=""></img><br>divatbemutató,<img src=""></img><br>die Modeschau
<img src=""></img><br>lehetséges,<img src=""></img><br> möglich
<img src=""></img><br>sárgarépa,<img src=""></img><br>die Möhre
<img src=""></img><br>szerzetes,<img src=""></img><br>der Mönch
<img src=""></img><br>motorkerékpár,<img src=""></img><br>das Motorrad
<img src=""></img><br>motoros,<img src=""></img><br>der Motorradfahrer
<img src=""></img><br>MP3-lejátszó,<img src=""></img><br>der MP3-Player
<img src=""></img><br>szemét,<img src=""></img><br>der Müll
<img src=""></img><br>száj,<img src=""></img><br>der Mund
<img src=""></img><br>érme,<img src=""></img><br>die Münze
<img src=""></img><br>kagyló,<img src=""></img><br>die Muschel
<img src=""></img><br>múzeumi idegenvezető,<img src=""></img><br>der Museumsführer
<img src=""></img><br>sapka,<img src=""></img><br>die Mütze
<img src=""></img><br>szomszéd,<img src=""></img><br>der Nachbar
<img src=""></img><br>hírek,<img src=""></img><br>die Nachrichten
<img src=""></img><br>hátrány,<img src=""></img><br>der Nachteil
<img src=""></img><br>közel(ség),<img src=""></img><br>die Nähe
<img src=""></img><br>varr,<img src=""></img><br> nähen
<img src=""></img><br>nedves,<img src=""></img><br> nass
<img src=""></img><br>ugyanis nass,<img src=""></img><br> nämlich
<img src=""></img><br>Nemzeti Múzeum,<img src=""></img><br>das Nationalmuseum
<img src=""></img><br>Természettudományi Múzeum,<img src=""></img><br>das Naturhistorisches Museum
<img src=""></img><br>Természettörténeti Múzeum,<img src=""></img><br>das Naturkundemuseum
<img src=""></img><br>mellett,<img src=""></img><br> neben
<img src=""></img><br>(meg)fog,<img src=""></img><br> nehmen
<img src=""></img><br>nevez,<img src=""></img><br> nennen
<img src=""></img><br>fészek,<img src=""></img><br>das Nest
<img src=""></img><br>kiváncsi,<img src=""></img><br> neugierig
<img src=""></img><br>már nem,<img src=""></img><br> nicht mehr
<img src=""></img><br>soha,<img src=""></img><br> niemals
<img src=""></img><br>senki,<img src=""></img><br> niemand
<img src=""></img><br>észak,<img src=""></img><br>der Norden
<img src=""></img><br>Északi-tenger,<img src=""></img><br>die Nordsee
<img src=""></img><br>normális,<img src=""></img><br> normal
<img src=""></img><br>rendszerint,<img src=""></img><br> normalerweise
<img src=""></img><br>jegy,<img src=""></img><br>die Note
<img src=""></img><br>dió,<img src=""></img><br>die Nuss
<img src=""></img><br>gyümölcs,<img src=""></img><br>das Obst
<img src=""></img><br>nyitva,<img src=""></img><br> offen
<img src=""></img><br>kinyit,<img src=""></img><br> öffnen
<img src=""></img><br>nélkül,<img src=""></img><br> ohne
<img src=""></img><br>polip,<img src=""></img><br>der Oktopus
<img src=""></img><br>olimpia,<img src=""></img><br>die Olympiade
<img src=""></img><br>opera,<img src=""></img><br>die Oper
<img src=""></img><br>rendes,<img src=""></img><br> ordentlich
<img src=""></img><br>rend,<img src=""></img><br>die Ordnung
<img src=""></img><br>orgona,<img src=""></img><br>die Orgel
<img src=""></img><br>kelet,<img src=""></img><br>der Osten
<img src=""></img><br>óceán,<img src=""></img><br>der Ozean
<img src=""></img><br>bepakol,<img src=""></img><br> packen
<img src=""></img><br>panda,<img src=""></img><br>der Panda
<img src=""></img><br>pantomim,<img src=""></img><br>die Pantomime
<img src=""></img><br>karton,<img src=""></img><br>die Pappe
<img src=""></img><br>parkol,<img src=""></img><br> parken
<img src=""></img><br>útlevél,<img src=""></img><br>der Pass
<img src=""></img><br>hágó,<img src=""></img><br>der Pass
<img src=""></img><br>illik,<img src=""></img><br> passen
<img src=""></img><br>történik,<img src=""></img><br> passieren
<img src=""></img><br>tökéletes,<img src=""></img><br> perfekt
<img src=""></img><br>személyes,<img src=""></img><br> persönlich
<img src=""></img><br>Peru,<img src=""></img><br> Peru
<img src=""></img><br>bors,<img src=""></img><br>der Pfeffer
<img src=""></img><br>nyil,<img src=""></img><br>der Pfeil
<img src=""></img><br>ültet,<img src=""></img><br> pflanzen
<img src=""></img><br>fizika,<img src=""></img><br>die Physik
<img src=""></img><br>csipeget,<img src=""></img><br> picken
<img src=""></img><br>pilóta,<img src=""></img><br>der Pilot
<img src=""></img><br>gomba,<img src=""></img><br>der Pilz
<img src=""></img><br>sípálya,<img src=""></img><br>die Piste
<img src=""></img><br>hirtelen,<img src=""></img><br> plötzlich
<img src=""></img><br>politika,<img src=""></img><br>die Politik
<img src=""></img><br>politikai,<img src=""></img><br> politisch
<img src=""></img><br>rendőr,<img src=""></img><br>der Polizeibeamte
<img src=""></img><br>rendőrautó,<img src=""></img><br>der Polizeiwagen
<img src=""></img><br>rendőr,<img src=""></img><br>der Polizist
<img src=""></img><br>párna,<img src=""></img><br>das Polster
<img src=""></img><br>adag,<img src=""></img><br>die Portion
<img src=""></img><br>pozitív,<img src=""></img><br> positiv
<img src=""></img><br>posta,<img src=""></img><br>die Post
<img src=""></img><br>gyakorlati,<img src=""></img><br> praktisch
<img src=""></img><br>praliné,<img src=""></img><br>die Praline
<img src="https://st3.depositphotos.com/20363444/32758/i/380/depositphotos_327589848-stock-photo-girl-costume-doing-handstand-while.jpg"></img><br>bemutat,<img src="https://st3.depositphotos.com/20363444/32758/i/380/depositphotos_327589848-stock-photo-girl-costume-doing-handstand-while.jpg"></img><br> präsentieren
<img src=""></img><br>gyakorlat,<img src=""></img><br>die Praxis
<img src=""></img><br>ár,<img src=""></img><br>der Preis
<img src=""></img><br>herceg,<img src=""></img><br>der Prinz
<img src=""></img><br>hercegnő,<img src=""></img><br>die Prinzessin
<img src=""></img><br>próbál,<img src=""></img><br> proben
<img src=""></img><br>megpróbál,<img src=""></img><br> probieren
<img src=""></img><br>program,<img src=""></img><br>das Programm
<img src=""></img><br>projekt,<img src=""></img><br>das Projekt
<img src=""></img><br>prospektus,<img src=""></img><br>der Prospekt
<img src=""></img><br>vizsga,<img src=""></img><br>die Prüfung
<img src=""></img><br>közönség,<img src=""></img><br>das Publikum
<img src=""></img><br>pont,<img src=""></img><br>der Punkt
<img src=""></img><br>pontos,<img src=""></img><br> pünktlich
<img src=""></img><br>baba,<img src=""></img><br>die Puppe
<img src=""></img><br>fogat mos,<img src=""></img><br> Zähne putzen
<img src=""></img><br>piramis,<img src=""></img><br>die Pyramide
<img src=""></img><br>négyzetkilométer,<img src=""></img><br>der Quadratkilometer
<img src=""></img><br>fuvola,<img src=""></img><br>die Querflöte
<img src=""></img><br>kvíz,<img src=""></img><br>das Quiz
<img src=""></img><br>raklett,<img src=""></img><br>das Raclette
<img src=""></img><br>rádió,<img src=""></img><br>das Radio
<img src=""></img><br>rádióadás,<img src=""></img><br>die Radiosendung
<img src=""></img><br>ralli,<img src=""></img><br>die Rallye
<img src=""></img><br>rappel,<img src=""></img><br> rappen
<img src=""></img><br>rapper,<img src=""></img><br>der Rapper
<img src=""></img><br>városháza,<img src=""></img><br>das Rathaus
<img src=""></img><br>rétoromán,<img src=""></img><br> Rätoromanisch
<img src=""></img><br>terem,<img src=""></img><br>der Raum
<img src=""></img><br>elmegy otthonról,<img src=""></img><br> rausgehen
<img src=""></img><br>reakció,<img src=""></img><br>die Reaktion
<img src=""></img><br>reáliskola,<img src=""></img><br>die Realschule
<img src=""></img><br>igaza van,<img src=""></img><br> recht haben
<img src=""></img><br>jobbra,<img src=""></img><br> rechts
<img src=""></img><br>időben,<img src=""></img><br> rechtzeitig
<img src=""></img><br>szerkesztő,<img src=""></img><br>der Redakteur
<img src="https://st2.depositphotos.com/1103179/5824/v/380/depositphotos_58244619-stock-illustration-girl-speak-on-smartphone.jpg"></img><br>beszél,<img src="https://st2.depositphotos.com/1103179/5824/v/380/depositphotos_58244619-stock-illustration-girl-speak-on-smartphone.jpg"></img><br> reden
<img src=""></img><br>rendszeresen,<img src=""></img><br> regelmäßig
<img src=""></img><br>szabályosan,<img src=""></img><br> regelrecht
<img src=""></img><br>gazdag,<img src=""></img><br> reich
<img src=""></img><br>elég (Ennyi elég.),<img src=""></img><br> reichen (Das reicht.)
<img src=""></img><br>sorház,<img src=""></img><br>das Reihenhaus
<img src=""></img><br>utazás,<img src=""></img><br>die Reise
<img src=""></img><br>rekord,<img src=""></img><br>der Rekord
<img src=""></img><br>hüllő,<img src=""></img><br>das Reptil
<img src=""></img><br>maradék,<img src=""></img><br>der Rest
<img src=""></img><br>étterem,<img src=""></img><br>das Restaurant
<img src=""></img><br>megment,<img src=""></img><br> retten
<img src=""></img><br>segítség,<img src=""></img><br>die Rettung
<img src=""></img><br>recept,<img src=""></img><br>das Rezept
<img src=""></img><br>irány,<img src=""></img><br>die Richtung
<img src=""></img><br>óriás,<img src=""></img><br>der Riese
<img src=""></img><br>lovag,<img src=""></img><br>der Ritter
<img src=""></img><br>szoknya,<img src=""></img><br>der Rock
<img src=""></img><br>szerep,<img src=""></img><br>die Rolle
<img src=""></img><br>görget,<img src=""></img><br> rollen
<img src=""></img><br>kerekesszékes,<img src=""></img><br>der Rollstuhlfahrer
<img src=""></img><br>röszti,<img src=""></img><br>die Rösti
<img src=""></img><br>hív,<img src=""></img><br> rufen
<img src=""></img><br>nyugalom,<img src=""></img><br>die Ruhe
<img src=""></img><br>nyugodt,<img src=""></img><br> ruhig
<img src=""></img><br>kever,<img src=""></img><br> rühren
<img src=""></img><br>Oroszország,<img src=""></img><br> Russland
<img src=""></img><br>páncél,<img src=""></img><br>die Rüstung
<img src=""></img><br>megráz,<img src=""></img><br> rütteln
<img src=""></img><br>Sacher-torta,<img src=""></img><br>die Sachertorte
<img src=""></img><br>tejszín,<img src=""></img><br>die Sahne
<img src=""></img><br>kenőcs,<img src=""></img><br>die Salbe
<img src=""></img><br>só,<img src=""></img><br>das Salz
<img src=""></img><br>homokvár,<img src=""></img><br>die Sandburg
<img src=""></img><br>nyereg,<img src=""></img><br>der Sattel
<img src=""></img><br>szósz,<img src=""></img><br>die Sauce
<img src=""></img><br>juh,<img src=""></img><br>das Schaf
<img src=""></img><br>megcsinál,<img src=""></img><br> schaffen
<img src=""></img><br>éles,<img src=""></img><br> scharf
<img src=""></img><br>kincs,<img src=""></img><br>der Schatz
<img src=""></img><br>hinta,<img src=""></img><br>die Schaukel
<img src=""></img><br>ajándékoz,<img src=""></img><br> schenken
<img src=""></img><br>találós kérdés,<img src=""></img><br>die Scherzfrage
<img src=""></img><br>ferde,<img src=""></img><br> schief
<img src=""></img><br>hajóút,<img src=""></img><br>die Schifffahrt
<img src=""></img><br>tábla,<img src=""></img><br>das Schild
<img src=""></img><br>pajzs,<img src=""></img><br>der Schild
<img src=""></img><br>alvás,<img src=""></img><br>der Schlaf
<img src=""></img><br>üt,<img src=""></img><br> schlagen
<img src=""></img><br>lagymatag,<img src=""></img><br> schlapp
<img src="https://st5.depositphotos.com/2485091/69912/v/450/depositphotos_699120278-stock-illustration-yes-check-mark-sign-design.jpg"></img><br>rossz,<img src="https://st5.depositphotos.com/2485091/69912/v/450/depositphotos_699120278-stock-illustration-yes-check-mark-sign-design.jpg"></img><br> schlimm
<img src=""></img><br>rés,<img src=""></img><br>der Schlitz
<img src=""></img><br>kastély,<img src=""></img><br>das Schloss
<img src=""></img><br>kulcstartó,<img src=""></img><br>der Schlüsselanhänger
<img src=""></img><br>olvad,<img src=""></img><br> schmelzen
<img src=""></img><br>olvadékony,<img src=""></img><br> schmelzend
<img src=""></img><br>fájdalom,<img src=""></img><br>der Schmerz
<img src=""></img><br>piszkos,<img src=""></img><br> schmutzig
<img src=""></img><br>csiga,<img src=""></img><br>die Schnecke
<img src=""></img><br>csettint,<img src=""></img><br> schnipsen
<img src=""></img><br>nátha,<img src=""></img><br>der Schnupfen
<img src=""></img><br>csokoládétábla,<img src=""></img><br>die Schokoladentafel
<img src=""></img><br>kiabál,<img src=""></img><br> schreien
<img src=""></img><br>írásbeli,<img src=""></img><br> schriftlich
<img src=""></img><br>félénk,<img src=""></img><br> schüchtern
<img src=""></img><br>tanév,<img src=""></img><br>das Schuljahr
<img src=""></img><br>erdei iskola,<img src=""></img><br>das Schullandheim
<img src=""></img><br>váll,<img src=""></img><br>die Schulter
<img src=""></img><br>tál,<img src=""></img><br>die Schüssel
<img src=""></img><br>ráz,<img src=""></img><br> schütteln
<img src=""></img><br>önt,<img src=""></img><br> schütten
<img src=""></img><br>védőfelszerelés,<img src=""></img><br>die Schutzausrüstung
<img src=""></img><br>véd,<img src=""></img><br> schützen
<img src=""></img><br>védőangyal,<img src=""></img><br>der Schutzengel
<img src=""></img><br>kard,<img src=""></img><br>das Schwert
<img src="https://static8.depositphotos.com/1323347/800/v/380/depositphotos_8009208-stock-illustration-hard-task.jpg"></img><br>nehéz,<img src="https://static8.depositphotos.com/1323347/800/v/380/depositphotos_8009208-stock-illustration-hard-task.jpg"></img><br> schwierig
<img src=""></img><br>izzad,<img src=""></img><br> schwitzen
<img src=""></img><br>tó,<img src=""></img><br>der See
<img src=""></img><br>tengerész,<img src=""></img><br>der Seefahrer
<img src="https://st5.depositphotos.com/23146722/74468/v/380/depositphotos_744688074-stock-illustration-set-flat-vector-illustrations-childrens.jpg"></img><br>fóka,<img src="https://st5.depositphotos.com/23146722/74468/v/380/depositphotos_744688074-stock-illustration-set-flat-vector-illustrations-childrens.jpg"></img><br>der Seehund
<img src=""></img><br>csikóhal,<img src=""></img><br>das Seepferdchen
<img src=""></img><br>nevezetesség,<img src=""></img><br>die Sehenswürdigkeit
<img src=""></img><br>óta,<img src=""></img><br> seit
<img src=""></img><br>maga,<img src=""></img><br> selbst
<img src=""></img><br>ritkán,<img src=""></img><br> selten
<img src=""></img><br>sugároz,<img src=""></img><br> senden
<img src=""></img><br>adó,<img src=""></img><br>der Sender
<img src=""></img><br>adás,<img src=""></img><br>die Sendung
<img src=""></img><br>sorozat,<img src=""></img><br>die Serie
<img src=""></img><br>show,<img src=""></img><br>die Show
<img src=""></img><br>biztosan,<img src=""></img><br> sicher
<img src=""></img><br>biztonság,<img src=""></img><br>die Sicherheit
<img src=""></img><br>ezüst,<img src=""></img><br>das Silber
<img src=""></img><br>helyzet,<img src=""></img><br>die Situation
<img src=""></img><br>megbukik,<img src=""></img><br> sitzen bleiben
<img src=""></img><br>gördeszka,<img src=""></img><br>das Skateboard
<img src=""></img><br>síugró,<img src=""></img><br>der Skispringer
<img src=""></img><br>szkájpol,<img src=""></img><br> skypen
<img src=""></img><br>okostelefon,<img src=""></img><br>das Smartphone
<img src=""></img><br>nasi,<img src=""></img><br>der Snack
<img src=""></img><br>dívány,<img src=""></img><br>das Sofa
<img src=""></img><br>azonnal,<img src=""></img><br> sofort
<img src=""></img><br>még... is,<img src=""></img><br> sogar
<img src=""></img><br>kell,<img src=""></img><br> sollen
<img src=""></img><br>hanem,<img src=""></img><br> sondern
<img src=""></img><br>(zene)szám,<img src=""></img><br>der Song
<img src=""></img><br>napraforgó,<img src=""></img><br>die Sonnenblume
<img src=""></img><br>napos,<img src=""></img><br> sonnig
<img src=""></img><br>fajta,<img src=""></img><br>die Sorte
<img src=""></img><br>szétválogat,<img src=""></img><br> sortieren
<img src=""></img><br>szuvenír,<img src=""></img><br>das Souvenir
<img src=""></img><br>úgyis,<img src=""></img><br> sowieso
<img src=""></img><br>Spanyolország,<img src=""></img><br> Spanien
<img src=""></img><br>spanyol,<img src=""></img><br>der Spanier
<img src=""></img><br>spanyol,<img src=""></img><br> spanisch
<img src=""></img><br>takarékbetétkönyv,<img src=""></img><br>das Sparbuch
<img src=""></img><br>később,<img src=""></img><br> später
<img src=""></img><br>étlap,<img src=""></img><br>die Speisekarte
<img src=""></img><br>játékkonzol,<img src=""></img><br>die Spielkonsole
<img src=""></img><br>játékszabály,<img src=""></img><br>die Spielregel
<img src="https://static8.depositphotos.com/1005790/878/v/380/depositphotos_8783924-stock-illustration-red-and-white-dice-set.jpg"></img><br>játék,<img src="https://static8.depositphotos.com/1005790/878/v/380/depositphotos_8783924-stock-illustration-red-and-white-dice-set.jpg"></img><br>das Spielzeug
<img src=""></img><br>csúcs,<img src=""></img><br>die Spitze
<img src=""></img><br>sportos,<img src=""></img><br> sportlich
<img src=""></img><br>ugrókötél,<img src=""></img><br>das Springseil
<img src=""></img><br>injekció,<img src=""></img><br>die Spritze
<img src=""></img><br>szimat,<img src=""></img><br>die Spürnase
<img src=""></img><br>városi maraton,<img src=""></img><br>der Stadtmarathon
<img src=""></img><br>térkép,<img src=""></img><br>der Stadtplan
<img src=""></img><br>városnézés,<img src=""></img><br>die Stadtrundfahrt
<img src=""></img><br>városközpont,<img src=""></img><br>das Stadtzentrum
<img src=""></img><br>istálló,<img src=""></img><br>der Stall
<img src=""></img><br>dobbant,<img src=""></img><br> stampfen
<img src=""></img><br>erős,<img src=""></img><br> stark
<img src=""></img><br>lezajlik,<img src=""></img><br> stattfinden
<img src=""></img><br>csodálkozik,<img src=""></img><br> staunen
<img src=""></img><br>leírás; jellemzés,<img src=""></img><br>der Steckbrief
<img src=""></img><br>(be)tesz,<img src=""></img><br> stecken
<img src=""></img><br>kõ,<img src=""></img><br>der Stein
<img src=""></img><br>állít,<img src=""></img><br> stellen
<img src=""></img><br>meghal,<img src=""></img><br> sterben
<img src=""></img><br>csillag,<img src=""></img><br>der Stern
<img src=""></img><br>csizma,<img src=""></img><br>der Stiefel
<img src=""></img><br>mostohaanya,<img src=""></img><br>die Stiefmutter
<img src="https://st3.depositphotos.com/24336254/35208/v/380/depositphotos_352088690-stock-illustration-karaoke-microphone-vector-icon-symbol.jpg"></img><br>hang,<img src="https://st3.depositphotos.com/24336254/35208/v/380/depositphotos_352088690-stock-illustration-karaoke-microphone-vector-icon-symbol.jpg"></img><br>die Stimme
<img src="https://st4.depositphotos.com/1496410/20669/v/380/depositphotos_206694136-stock-illustration-collection-different-hooks-four-colors.jpg"></img><br>helyes,<img src="https://st4.depositphotos.com/1496410/20669/v/380/depositphotos_206694136-stock-illustration-collection-different-hooks-four-colors.jpg"></img><br> stimmen
<img src=""></img><br>homlok,<img src=""></img><br>die Stirn
<img src=""></img><br>emelet,<img src=""></img><br>der Stock
<img src=""></img><br>büszke,<img src=""></img><br> stolz
<img src=""></img><br>megáll,<img src=""></img><br> stoppen
<img src=""></img><br>zavar,<img src=""></img><br> stören
<img src=""></img><br>sztracsatella,<img src=""></img><br>das Stracciatella
<img src=""></img><br>strand,<img src=""></img><br>der Strand
<img src=""></img><br>utcaszegély,<img src=""></img><br>der Straßenrand
<img src=""></img><br>vita,<img src=""></img><br>der Streit
<img src=""></img><br>vitatkozik,<img src=""></img><br> streiten
<img src=""></img><br>szigorú,<img src=""></img><br> streng
<img src=""></img><br>stressz,<img src=""></img><br>der Stress
<img src=""></img><br>diák (egyetemista),<img src=""></img><br>der Student
<img src=""></img><br>egyetemi hely,<img src=""></img><br>der Studienplatz
<img src=""></img><br>tanul (egyetemen),<img src=""></img><br> studieren
<img src=""></img><br>órák hosszat,<img src=""></img><br> stundenlang
<img src=""></img><br>esés,<img src=""></img><br>die Sturz
<img src=""></img><br>függő,<img src=""></img><br> süchtig
<img src=""></img><br>dél,<img src=""></img><br>der Süden
<img src=""></img><br>szörföl,<img src=""></img><br> surfen
<img src=""></img><br>szörf igazolvány,<img src=""></img><br>der Surfschein
<img src=""></img><br>jelkép,<img src=""></img><br>das Symbol
<img src=""></img><br>rendszer,<img src=""></img><br>das System
<img src=""></img><br>tablet,<img src=""></img><br>das Tablet
<img src=""></img><br>tabletta,<img src=""></img><br>die Tablette
<img src=""></img><br>tábla,<img src=""></img><br>die Tafel
<img src=""></img><br>napló,<img src=""></img><br>das Tagebuch
<img src=""></img><br>tehetség,<img src=""></img><br>das Talent
<img src=""></img><br>zsebpénz,<img src=""></img><br>das Taschengeld
<img src=""></img><br>zsebkés,<img src=""></img><br>das Taschenmesser
<img src=""></img><br>csésze,<img src=""></img><br>die Tasse
<img src=""></img><br>taxisofőr,<img src=""></img><br>der Taxifahrer
<img src=""></img><br>csapat,<img src=""></img><br>das Team
<img src=""></img><br>technika,<img src=""></img><br>die Technik
<img src=""></img><br>mackó,<img src=""></img><br>der Teddy
<img src=""></img><br>rész,<img src=""></img><br>der Teil
<img src=""></img><br>részvétel,<img src=""></img><br>die Teilnahme
<img src=""></img><br>részt vesz,<img src=""></img><br> teilnehmen
<img src=""></img><br>résztvevő,<img src=""></img><br>der Teilnehmer
<img src=""></img><br>telefon,<img src=""></img><br>das Telefon
<img src=""></img><br>hőmérséklet,<img src=""></img><br>die Temperatur
<img src=""></img><br>tesztel,<img src=""></img><br> testen
<img src=""></img><br>drága,<img src=""></img><br> teuer
<img src=""></img><br>színtársulat,<img src=""></img><br>die Theatergruppe
<img src=""></img><br>színdarab,<img src=""></img><br>das Theaterstück
<img src=""></img><br>téma,<img src=""></img><br>das Thema
<img src=""></img><br>elméleti,<img src=""></img><br> theoretisch
<img src=""></img><br>elmélet,<img src=""></img><br>die Theorie
<img src=""></img><br>hőmérő,<img src=""></img><br>das Thermometer
<img src=""></img><br>jegy,<img src=""></img><br>das Ticket
<img src=""></img><br>mélység,<img src=""></img><br>die Tiefe
<img src=""></img><br>asztalitenisz,<img src=""></img><br>das Tischtennis
<img src=""></img><br>pingpongasztal,<img src=""></img><br>die Tischtennisplatte
<img src=""></img><br>cím,<img src=""></img><br>der Titel
<img src=""></img><br>pirítós,<img src=""></img><br>der Toast
<img src=""></img><br>halál,<img src=""></img><br>der Tod
<img src=""></img><br>WC,<img src=""></img><br>die Toilette
<img src=""></img><br>csupor,<img src=""></img><br>der Topf
<img src=""></img><br>turista,<img src=""></img><br>der Tourist
<img src=""></img><br>könny,<img src=""></img><br>die Träne
<img src=""></img><br>álom,<img src=""></img><br>der Traum
<img src=""></img><br>álomfoglalkozás,<img src=""></img><br>der Traumberuf
<img src=""></img><br>találkozik (vkivel),<img src=""></img><br> treffen
<img src=""></img><br>találkozik,<img src=""></img><br> treffen sich
<img src=""></img><br>találkozóhely,<img src=""></img><br>der Treffpunkt
<img src=""></img><br>hű,<img src=""></img><br> treu
<img src=""></img><br>trükk,<img src=""></img><br>der Trick
<img src="https://static8.depositphotos.com/1000376/944/i/380/depositphotos_9448903-stock-photo-hand-throws-dice.jpg"></img><br>dob,<img src="https://static8.depositphotos.com/1000376/944/i/380/depositphotos_9448903-stock-photo-hand-throws-dice.jpg"></img><br>die Trommel
<img src=""></img><br>csepp,<img src=""></img><br>der Tropfen
<img src=""></img><br>kendő,<img src=""></img><br>das Tuch
<img src=""></img><br>torony,<img src=""></img><br>der Turm
<img src=""></img><br>tornázik,<img src=""></img><br> turnen
<img src=""></img><br>tornacsarnok,<img src=""></img><br>die Turnhalle
<img src=""></img><br>tipikus,<img src=""></img><br> typisch
<img src=""></img><br>gyakorol,<img src=""></img><br> üben
<img src=""></img><br>fölött,<img src=""></img><br> über (wo?)
<img src=""></img><br>mindenhol,<img src=""></img><br> überall
<img src=""></img><br>kifut,<img src=""></img><br> überkochen
<img src=""></img><br>átkel,<img src=""></img><br> überqueren
<img src=""></img><br>meglepett,<img src=""></img><br> überrascht
<img src=""></img><br>gyakorlat,<img src=""></img><br>die Übung
<img src=""></img><br>part,<img src=""></img><br>das Ufer
<img src=""></img><br>felmérés,<img src=""></img><br>die Umfrage
<img src=""></img><br>környezet,<img src=""></img><br>die Umwelt
<img src=""></img><br>elköltözik,<img src=""></img><br> umziehen
<img src=""></img><br>ismeretlen,<img src=""></img><br> unbekannt
<img src=""></img><br>baleset,<img src=""></img><br>der Unfall
<img src=""></img><br>egyenruha,<img src=""></img><br>die Uniform
<img src=""></img><br>egyetem,<img src=""></img><br>die Universität
<img src=""></img><br>rendetlen,<img src=""></img><br> unordentlich
<img src=""></img><br>rendetlenség,<img src=""></img><br>die Unordnung
<img src=""></img><br>badarság,<img src=""></img><br>der Unsinn
<img src=""></img><br>alatt,<img src=""></img><br> unter (wo?)
<img src=""></img><br>alátét,<img src=""></img><br>die Unterlage
<img src=""></img><br>csinál vmit,<img src=""></img><br> unternehmen
<img src=""></img><br>különböző,<img src=""></img><br> unterschiedlich
<img src="https://st5.depositphotos.com/15943326/78763/v/380/depositphotos_787630444-stock-illustration-winding-paved-road-icon-green.jpg"></img><br>útközben,<img src="https://st5.depositphotos.com/15943326/78763/v/380/depositphotos_787630444-stock-illustration-winding-paved-road-icon-green.jpg"></img><br> unterwegs
<img src=""></img><br>nem fontos,<img src=""></img><br> unwichtig
<img src=""></img><br>elválaszthatatlan,<img src=""></img><br> unzertrennlich
<img src=""></img><br>oklevél,<img src=""></img><br>die Urkunde
<img src=""></img><br>USA,<img src=""></img><br>die USA
<img src=""></img><br>vanília,<img src=""></img><br>die Vanille
<img src=""></img><br>váza,<img src=""></img><br>die Vase
<img src=""></img><br>megállapodik,<img src=""></img><br> verabreden
<img src=""></img><br>rendezvény,<img src=""></img><br>die Veranstaltung
<img src=""></img><br>kötés,<img src=""></img><br>der Verband
<img src=""></img><br>megtilt,<img src=""></img><br> verbieten
<img src=""></img><br>összeköt,<img src=""></img><br> verbinden
<img src=""></img><br>tilos,<img src=""></img><br> verboten sein
<img src=""></img><br>eltölt,<img src=""></img><br> verbringen
<img src=""></img><br>keres (pénzt),<img src=""></img><br> verdienen
<img src=""></img><br>múlik,<img src=""></img><br> vergehen
<img src=""></img><br>elad,<img src=""></img><br> verkaufen
<img src=""></img><br>eladó,<img src=""></img><br>der Verkäufer
<img src=""></img><br>forgalom,<img src=""></img><br>der Verkehr
<img src=""></img><br>biztonságos közlekedésre nevelés,<img src=""></img><br>die Verkehrserziehung
<img src=""></img><br>közlekedési tábla,<img src=""></img><br>das Verkehrsschild
<img src=""></img><br>megsért,<img src=""></img><br> verletzen
<img src=""></img><br>sérülés,<img src=""></img><br>die Verletzung
<img src=""></img><br>elveszít,<img src=""></img><br> verlieren
<img src=""></img><br>kisorsol,<img src=""></img><br> verlosen
<img src=""></img><br>elkerül,<img src=""></img><br> vermeiden
<img src=""></img><br>hiányzik,<img src=""></img><br> vermissen
<img src=""></img><br>elmulaszt,<img src=""></img><br> verpassen
<img src=""></img><br>elajándékoz,<img src=""></img><br> verschenken
<img src=""></img><br>elküld,<img src=""></img><br> verschicken
<img src=""></img><br>különböző,<img src=""></img><br> verschieden
<img src="https://static9.depositphotos.com/1007358/1189/v/380/depositphotos_11894925-stock-illustration-painting-a-wall.jpg"></img><br>fal,<img src="https://static9.depositphotos.com/1007358/1189/v/380/depositphotos_11894925-stock-illustration-painting-a-wall.jpg"></img><br> verschlingen
<img src=""></img><br>felír,<img src=""></img><br> verschreiben
<img src=""></img><br>betemet,<img src=""></img><br> verschütten
<img src=""></img><br>eltűnik,<img src=""></img><br> verschwinden
<img src=""></img><br>megígér,<img src=""></img><br> versprechen
<img src=""></img><br>érthető,<img src=""></img><br> verständlich
<img src=""></img><br>bújócskázik,<img src=""></img><br> verstecken spielen
<img src=""></img><br>megért,<img src=""></img><br> verstehen
<img src=""></img><br>megpróbál,<img src=""></img><br> versuchen
<img src=""></img><br>(ki)oszt,<img src=""></img><br> verteilen
<img src=""></img><br>felhasznál,<img src=""></img><br> verwenden
<img src="https://st5.depositphotos.com/11953928/68788/v/380/depositphotos_687884030-stock-illustration-movie-player-icon-vector-isolated.jpg"></img><br>videó,<img src="https://st5.depositphotos.com/11953928/68788/v/380/depositphotos_687884030-stock-illustration-movie-player-icon-vector-isolated.jpg"></img><br>das Video
<img src=""></img><br>negyedikes,<img src=""></img><br>der Viertklässler
<img src=""></img><br>nép,<img src=""></img><br>das Volk
<img src=""></img><br>tejcsokoládé,<img src=""></img><br>die Vollmilchschokolade
<img src=""></img><br>előtt,<img src=""></img><br> vor (wo?)
<img src=""></img><br>felkészül (vmire),<img src=""></img><br> vorbereiten sich
<img src=""></img><br>példakép,<img src=""></img><br>das Vorbild
<img src=""></img><br>előfordul,<img src=""></img><br> vorkommen
<img src=""></img><br>előadás,<img src=""></img><br>die Vorlesung
<img src=""></img><br>elővigyázatos,<img src=""></img><br> vorsichtig
<img src=""></img><br>bemutatkozik,<img src=""></img><br> vorstellen sich
<img src=""></img><br>előadás,<img src=""></img><br>die Vorstellung
<img src=""></img><br>ébren van,<img src=""></img><br> wach sein
<img src=""></img><br>őr,<img src=""></img><br>der Wächter
<img src=""></img><br>tölcsér,<img src=""></img><br>die Waffel
<img src=""></img><br>választás,<img src=""></img><br>die Wahl
<img src=""></img><br>választ,<img src=""></img><br> wählen
<img src=""></img><br>mialatt,<img src=""></img><br> während
<img src=""></img><br>pénznem,<img src=""></img><br>die Währung
<img src=""></img><br>bálna,<img src=""></img><br>der Wal
<img src=""></img><br>erdő,<img src=""></img><br>der Wald
<img src=""></img><br>dió,<img src=""></img><br>die Walnuss
<img src=""></img><br>zeke,<img src=""></img><br>das Wams
<img src=""></img><br>kirándulás,<img src=""></img><br>die Wanderung
<img src=""></img><br>címer,<img src=""></img><br>das Wappen
<img src=""></img><br>vár,<img src=""></img><br> warten
<img src=""></img><br>Milyen?,<img src=""></img><br> Was für ein/e?
<img src=""></img><br>mosakodik,<img src=""></img><br> waschen sich
<img src=""></img><br>mosógép,<img src=""></img><br>die Waschmaschine
<img src=""></img><br>vízgőz,<img src=""></img><br>der Wasserdampf
<img src=""></img><br>weboldal,<img src=""></img><br>die Webseite
<img src=""></img><br>vált,<img src=""></img><br> wechseln
<img src=""></img><br>ébresztőóra,<img src=""></img><br>der Wecker
<img src=""></img><br>el,<img src=""></img><br> weg
<img src=""></img><br>elutazik,<img src=""></img><br> wegfahren
<img src=""></img><br>fáj,<img src=""></img><br> wehtun
<img src=""></img><br>puha,<img src=""></img><br> weich
<img src=""></img><br>legelő,<img src=""></img><br>die Weide
<img src=""></img><br>mert,<img src=""></img><br> weil
<img src=""></img><br>bor,<img src=""></img><br>der Wein
<img src=""></img><br>messze,<img src=""></img><br> weit
<img src=""></img><br>középiskola,<img src=""></img><br> weiterführende Schule
<img src=""></img><br>világ,<img src=""></img><br>die Welt
<img src=""></img><br>világhírű,<img src=""></img><br> weltberühmt
<img src=""></img><br>világűr,<img src=""></img><br>der Weltraum
<img src=""></img><br>Kinek?,<img src=""></img><br> Wem?
<img src=""></img><br>ha,<img src=""></img><br> wenn
<img src=""></img><br>reklámügynökség,<img src=""></img><br>die Werbeagentur
<img src=""></img><br>reklámplakát,<img src=""></img><br>das Werbeplakat
<img src=""></img><br>műhely,<img src=""></img><br>die Werkstatt
<img src=""></img><br>szerszám,<img src=""></img><br>das Werkzeug
<img src=""></img><br>Kinek a ...?,<img src=""></img><br> Wessen?
<img src=""></img><br>nyugat,<img src=""></img><br>der Westen
<img src=""></img><br>verseny,<img src=""></img><br>der Wettbewerb
<img src=""></img><br>mint,<img src=""></img><br> wie (so schnell wie ...)
<img src=""></img><br>ismétlés,<img src=""></img><br>die Wiederholung
<img src=""></img><br>vadon,<img src=""></img><br>die Wildnis
<img src=""></img><br>tudomány,<img src=""></img><br>die Wissenschaft
<img src=""></img><br>vicc,<img src=""></img><br>der Witz
<img src=""></img><br>vicces,<img src=""></img><br> witzig
<img src=""></img><br>máshol,<img src=""></img><br> woanders
<img src=""></img><br>Minek?,<img src=""></img><br> Wozu?
<img src=""></img><br>gyönyörű,<img src=""></img><br> wunderschön
<img src=""></img><br>csodás,<img src=""></img><br> wundervoll
<img src=""></img><br>kívánság,<img src=""></img><br>der Wunsch
<img src=""></img><br>virsli,<img src=""></img><br>das Würstchen
<img src=""></img><br>ízesít,<img src=""></img><br> würzen
<img src=""></img><br>dühös,<img src=""></img><br> wütend
<img src=""></img><br>fizet,<img src=""></img><br> zahlen
<img src="https://static4.depositphotos.com/1000865/416/i/380/depositphotos_4167731-stock-photo-counting-hands-0-to-5.jpg"></img><br>számol,<img src="https://static4.depositphotos.com/1000865/416/i/380/depositphotos_4167731-stock-photo-counting-hands-0-to-5.jpg"></img><br> zählen
<img src=""></img><br>számos,<img src=""></img><br> zahlreich
<img src=""></img><br>fog,<img src=""></img><br>der Zahn
<img src=""></img><br>fogorvos,<img src=""></img><br>der Zahnarzt
<img src=""></img><br>varázslat,<img src=""></img><br>der Zauber
<img src=""></img><br>varázsló,<img src=""></img><br>der Zauberer
<img src=""></img><br>varázsige,<img src=""></img><br>der Zauberspruch
<img src=""></img><br>bűvészmutatvány,<img src=""></img><br>der Zaubertrick
<img src=""></img><br>bűvöskocka,<img src=""></img><br>der Zauberwürfel
<img src="https://static9.depositphotos.com/1594920/1087/i/380/depositphotos_10870750-stock-photo-zebra.jpg"></img><br>zebra,<img src="https://static9.depositphotos.com/1594920/1087/i/380/depositphotos_10870750-stock-photo-zebra.jpg"></img><br>der Zebrastreifen
<img src=""></img><br>mutat,<img src=""></img><br> zeigen
<img src=""></img><br>újság,<img src=""></img><br>die Zeitschrift
<img src=""></img><br>újság,<img src=""></img><br>die Zeitung
<img src=""></img><br>újságcikk,<img src=""></img><br>der Zeitungsartikel
<img src=""></img><br>cédula,<img src=""></img><br>der Zettel
<img src=""></img><br>bizonyítvány,<img src=""></img><br>das Zeugnis
<img src=""></img><br>cigaretta,<img src=""></img><br>die Zigarette
<img src=""></img><br>citrom,<img src=""></img><br>die Zitrone
<img src=""></img><br>túl,<img src=""></img><br> zu (zu schwer)
<img src=""></img><br>tenyészt,<img src=""></img><br> züchten
<img src=""></img><br>von (vállat),<img src=""></img><br> zucken
<img src=""></img><br>cukor,<img src=""></img><br>der Zucker
<img src=""></img><br>elégedett,<img src=""></img><br> zufrieden
<img src=""></img><br>például,<img src=""></img><br> zum Beispiel
<img src=""></img><br>először,<img src=""></img><br> zum ersten Mal
<img src="https://st2.depositphotos.com/3047529/11292/i/380/depositphotos_112921512-stock-photo-multilingual-languages-word-cloud-concept.jpg"></img><br>nyelv,<img src="https://st2.depositphotos.com/3047529/11292/i/380/depositphotos_112921512-stock-photo-multilingual-languages-word-cloud-concept.jpg"></img><br>die Zunge
<img src=""></img><br>nyelvtörö,<img src=""></img><br>der Zungenbrecher
<img src=""></img><br>vissza,<img src=""></img><br> zurück
<img src=""></img><br>összefoglaló,<img src=""></img><br>die Zusammenfassung
<img src=""></img><br>összetart,<img src=""></img><br> zusammenhalten
<img src=""></img><br>néző,<img src=""></img><br>der Zuschauer
<img src=""></img><br>iker,<img src=""></img><br>der Zwilling
<img src=""></img><br>kacsint,<img src=""></img><br> zwinkern
<img src=""></img><br>között,<img src=""></img><br> zwischen