<img src="https://static8.depositphotos.com/1594308/1071/i/450/depositphotos_10710024-stock-photo-all-for-one.jpg"></img><br>mind,<img src="https://static8.depositphotos.com/1594308/1071/i/450/depositphotos_10710024-stock-photo-all-for-one.jpg"></img><br> alle
<img src="https://st.depositphotos.com/1000315/4722/i/450/depositphotos_47228317-stock-photo-german-girl-with-flag.jpg"></img><br>német,<img src="https://st.depositphotos.com/1000315/4722/i/450/depositphotos_47228317-stock-photo-german-girl-with-flag.jpg"></img><br>das  Deutsch
<img src=""></img><br>fitt,<img src=""></img><br> fit
<img src=""></img><br>hangzik,<img src=""></img><br> klingen
<img src="https://st5.depositphotos.com/22578292/67631/i/450/depositphotos_676316924-stock-photo-hand-hold-light-bulb-learning.jpg"></img><br>tanul,<img src="https://st5.depositphotos.com/22578292/67631/i/450/depositphotos_676316924-stock-photo-hand-hold-light-bulb-learning.jpg"></img><br> lernen
<img src=""></img><br>csinál,<img src=""></img><br> machen
<img src=""></img><br>-val;-vel,<img src=""></img><br> mit
<img src=""></img><br>jön vele,<img src=""></img><br> mitkommen / kommt mit
<img src="https://st.depositphotos.com/2133879/2330/v/380/depositphotos_23303866-stock-illustration-certified-professional-grunge-rubber-stamp.jpg"></img><br>profi,<img src="https://st.depositphotos.com/2133879/2330/v/380/depositphotos_23303866-stock-illustration-certified-professional-grunge-rubber-stamp.jpg"></img><br>der  Profi
<img src="https://st.depositphotos.com/2208320/2020/v/380/depositphotos_20202061-stock-illustration-hip-hop-man-vector-illustration.jpg"></img><br>rap,<img src="https://st.depositphotos.com/2208320/2020/v/380/depositphotos_20202061-stock-illustration-hip-hop-man-vector-illustration.jpg"></img><br>der  Rap
<img src="https://st.depositphotos.com/1000393/1884/i/380/depositphotos_18848475-stock-photo-look-forward.jpg"></img><br>ravasz,<img src="https://st.depositphotos.com/1000393/1884/i/380/depositphotos_18848475-stock-photo-look-forward.jpg"></img><br> schlau
<img src=""></img><br>így,<img src=""></img><br> so
<img src="https://st3.depositphotos.com/1032749/19203/v/380/depositphotos_192035968-stock-illustration-blue-button-isolated-white-background.jpg"></img><br>és,<img src="https://st3.depositphotos.com/1032749/19203/v/380/depositphotos_192035968-stock-illustration-blue-button-isolated-white-background.jpg"></img><br> und
<img src="https://static8.depositphotos.com/1377527/955/i/450/depositphotos_9551317-stock-photo-pencil-comparison.jpg"></img><br>rövid,<img src="https://static8.depositphotos.com/1377527/955/i/450/depositphotos_9551317-stock-photo-pencil-comparison.jpg"></img><br> kurz
<img src="https://static8.depositphotos.com/1377527/955/i/450/depositphotos_9551317-stock-photo-pencil-comparison.jpg"></img><br>hosszú,<img src="https://static8.depositphotos.com/1377527/955/i/450/depositphotos_9551317-stock-photo-pencil-comparison.jpg"></img><br> lang
<img src="https://static4.depositphotos.com/1004384/276/i/450/depositphotos_2764056-stock-photo-boy-holds-puzzles-with-name.jpg"></img><br>név,<img src="https://static4.depositphotos.com/1004384/276/i/450/depositphotos_2764056-stock-photo-boy-holds-puzzles-with-name.jpg"></img><br>der  Name
<img src="https://st3.depositphotos.com/24336254/35208/v/380/depositphotos_352088690-stock-illustration-karaoke-microphone-vector-icon-symbol.jpg"></img><br>hang,<img src="https://st3.depositphotos.com/24336254/35208/v/380/depositphotos_352088690-stock-illustration-karaoke-microphone-vector-icon-symbol.jpg"></img><br>der  Vokal
<img src="https://st5.depositphotos.com/43699150/72222/v/450/depositphotos_722225840-stock-illustration-cute-boy-front-view-funny.jpg"></img><br>fiú,<img src="https://st5.depositphotos.com/43699150/72222/v/450/depositphotos_722225840-stock-illustration-cute-boy-front-view-funny.jpg"></img><br>der  Junge
<img src="https://st3.depositphotos.com/4207741/17956/v/450/depositphotos_179566542-stock-illustration-cute-cartoon-puppy-and-a.jpg"></img><br>lány,<img src="https://st3.depositphotos.com/4207741/17956/v/450/depositphotos_179566542-stock-illustration-cute-cartoon-puppy-and-a.jpg"></img><br>das  Mädchen
<img src="https://st2.depositphotos.com/1357853/5672/i/380/depositphotos_56724161-stock-photo-chinese-characters-collage.jpg"></img><br>szótag,<img src="https://st2.depositphotos.com/1357853/5672/i/380/depositphotos_56724161-stock-photo-chinese-characters-collage.jpg"></img><br>die  Silbe
<img src="https://static8.depositphotos.com/1005790/878/v/380/depositphotos_8783924-stock-illustration-red-and-white-dice-set.jpg"></img><br>játék,<img src="https://static8.depositphotos.com/1005790/878/v/380/depositphotos_8783924-stock-illustration-red-and-white-dice-set.jpg"></img><br>das  Spiel
<img src="https://st5.depositphotos.com/37894556/81217/v/450/depositphotos_812170186-stock-illustration-cute-monkey-animal-cartoon-illustration.jpg"></img><br>majom,<img src="https://st5.depositphotos.com/37894556/81217/v/450/depositphotos_812170186-stock-illustration-cute-monkey-animal-cartoon-illustration.jpg"></img><br>der  Affe
<img src="https://st4.depositphotos.com/1016729/23415/i/450/depositphotos_234151880-stock-photo-glad-beautiful-dolphin-smiling-blue.jpg"></img><br>delfin,<img src="https://st4.depositphotos.com/1016729/23415/i/450/depositphotos_234151880-stock-photo-glad-beautiful-dolphin-smiling-blue.jpg"></img><br>der  Delfin
<img src="https://st.depositphotos.com/2400497/2908/v/450/depositphotos_29088727-stock-illustration-cartoon-elephant.jpg"></img><br>elefánt,<img src="https://st.depositphotos.com/2400497/2908/v/450/depositphotos_29088727-stock-illustration-cartoon-elephant.jpg"></img><br>der  Elefant
<img src="https://st5.depositphotos.com/81383806/70127/v/450/depositphotos_701277646-stock-illustration-giraffe-cartoon-illustration-isolated.jpg"></img><br>zsiráf,<img src="https://st5.depositphotos.com/81383806/70127/v/450/depositphotos_701277646-stock-illustration-giraffe-cartoon-illustration-isolated.jpg"></img><br>die  Giraffe
<img src="https://st.depositphotos.com/11640498/58175/v/450/depositphotos_581751364-stock-illustration-concept-global-communication-international-innovative.jpg"></img><br>nemzetközi,<img src="https://st.depositphotos.com/11640498/58175/v/450/depositphotos_581751364-stock-illustration-concept-global-communication-international-innovative.jpg"></img><br> international
<img src="https://st3.depositphotos.com/1765681/15405/i/450/depositphotos_154057400-stock-photo-wildlife-animal-jaguar.jpg"></img><br>jaguár,<img src="https://st3.depositphotos.com/1765681/15405/i/450/depositphotos_154057400-stock-photo-wildlife-animal-jaguar.jpg"></img><br>der  Jaguar
<img src="https://static3.depositphotos.com/1003352/161/i/450/depositphotos_1612021-stock-photo-camel.jpg"></img><br>teve,<img src="https://static3.depositphotos.com/1003352/161/i/450/depositphotos_1612021-stock-photo-camel.jpg"></img><br>das  Kamel
<img src="https://st3.depositphotos.com/2977105/18648/i/450/depositphotos_186487070-stock-photo-kangaroo-on-alert.jpg"></img><br>kenguru,<img src="https://st3.depositphotos.com/2977105/18648/i/450/depositphotos_186487070-stock-photo-kangaroo-on-alert.jpg"></img><br>das  Känguru
<img src="https://st5.depositphotos.com/36642320/78770/i/450/depositphotos_787707944-stock-photo-crocodile-isolated-white-background.jpg"></img><br>krokodil,<img src="https://st5.depositphotos.com/36642320/78770/i/450/depositphotos_787707944-stock-photo-crocodile-isolated-white-background.jpg"></img><br>das  Krokodil
<img src="https://st2.depositphotos.com/1606449/11158/i/450/depositphotos_111584606-stock-photo-male-african-lion.jpg"></img><br>oroszlán,<img src="https://st2.depositphotos.com/1606449/11158/i/450/depositphotos_111584606-stock-photo-male-african-lion.jpg"></img><br>der  Löwe
<img src="https://st3.depositphotos.com/1866509/18264/i/380/depositphotos_182643244-stock-photo-blue-and-yellow-macaw-coloreful.jpg"></img><br>papagáj,<img src="https://st3.depositphotos.com/1866509/18264/i/380/depositphotos_182643244-stock-photo-blue-and-yellow-macaw-coloreful.jpg"></img><br>der  Papagei
<img src="https://st3.depositphotos.com/9145082/15495/i/380/depositphotos_154954298-stock-illustration-watercolor-single-ostrich-animal-isolated.jpg"></img><br>strucc,<img src="https://st3.depositphotos.com/9145082/15495/i/380/depositphotos_154954298-stock-illustration-watercolor-single-ostrich-animal-isolated.jpg"></img><br>der  Strauß
<img src="https://static5.depositphotos.com/1033577/441/v/380/depositphotos_4417091-stock-illustration-animals-farm.jpg"></img><br>állat,<img src="https://static5.depositphotos.com/1033577/441/v/380/depositphotos_4417091-stock-illustration-animals-farm.jpg"></img><br>das  Tier
<img src="https://st5.depositphotos.com/6312626/64501/i/380/depositphotos_645011670-stock-photo-siberian-tiger-zoo.jpg"></img><br>tigris,<img src="https://st5.depositphotos.com/6312626/64501/i/380/depositphotos_645011670-stock-photo-siberian-tiger-zoo.jpg"></img><br>der  Tiger
<img src="https://st5.depositphotos.com/88369228/74257/i/380/depositphotos_742573828-stock-photo-angry-wolf-glowing-red-eyes.jpg"></img><br>farkas,<img src="https://st5.depositphotos.com/88369228/74257/i/380/depositphotos_742573828-stock-photo-angry-wolf-glowing-red-eyes.jpg"></img><br>der  Wolf
<img src="https://static9.depositphotos.com/1594920/1087/i/380/depositphotos_10870750-stock-photo-zebra.jpg"></img><br>zebra,<img src="https://static9.depositphotos.com/1594920/1087/i/380/depositphotos_10870750-stock-photo-zebra.jpg"></img><br>das  Zebra
<img src="https://st2.depositphotos.com/4201529/11849/i/450/depositphotos_118493150-stock-photo-small-mouse-on-stone.jpg"></img><br>egér,<img src="https://st2.depositphotos.com/4201529/11849/i/450/depositphotos_118493150-stock-photo-small-mouse-on-stone.jpg"></img><br>die  Maus
<img src="https://st2.depositphotos.com/4201529/11849/i/450/depositphotos_118493150-stock-photo-small-mouse-on-stone.jpg"></img><br>egér,<img src="https://st2.depositphotos.com/4201529/11849/i/450/depositphotos_118493150-stock-photo-small-mouse-on-stone.jpg"></img><br>die  Maus
<img src="https://static4.depositphotos.com/1000358/314/i/450/depositphotos_3145890-stock-photo-bird.jpg"></img><br>sirály,<img src="https://static4.depositphotos.com/1000358/314/i/450/depositphotos_3145890-stock-photo-bird.jpg"></img><br>die  Möwe
<img src="https://static8.depositphotos.com/1016676/815/i/380/depositphotos_8157495-stock-photo-goat.jpg"></img><br>kecske,<img src="https://static8.depositphotos.com/1016676/815/i/380/depositphotos_8157495-stock-photo-goat.jpg"></img><br>die  Ziege
<img src="https://st3.depositphotos.com/16385024/19573/v/380/depositphotos_195733070-stock-illustration-vector-crossword-grid-part-completed.jpg"></img><br>rejtvény,<img src="https://st3.depositphotos.com/16385024/19573/v/380/depositphotos_195733070-stock-illustration-vector-crossword-grid-part-completed.jpg"></img><br>das  Rätsel
<img src="https://st5.depositphotos.com/1439888/74927/i/450/depositphotos_749272268-stock-photo-abc-colored-letters-rendering-isolated.jpg"></img><br>ábécé,<img src="https://st5.depositphotos.com/1439888/74927/i/450/depositphotos_749272268-stock-photo-abc-colored-letters-rendering-isolated.jpg"></img><br>das  ABC
<img src=""></img><br>vagy,<img src=""></img><br> bist / sein
<img src="https://st.depositphotos.com/1216158/3267/v/450/depositphotos_32676797-stock-illustration-3d-shaded-sphere.jpg"></img><br>egész,<img src="https://st.depositphotos.com/1216158/3267/v/450/depositphotos_32676797-stock-illustration-3d-shaded-sphere.jpg"></img><br>ganze
<img src="https://st3.depositphotos.com/2075965/14306/v/450/depositphotos_143061417-stock-illustration-colorful-music-design.jpg"></img><br>dal,<img src="https://st3.depositphotos.com/2075965/14306/v/450/depositphotos_143061417-stock-illustration-colorful-music-design.jpg"></img><br>das  Lied
<img src="https://st2.depositphotos.com/5366154/8036/v/380/depositphotos_80366088-stock-illustration-vector-illustration-of-realistic-retro.jpg"></img><br>umlaut,<img src="https://st2.depositphotos.com/5366154/8036/v/380/depositphotos_80366088-stock-illustration-vector-illustration-of-realistic-retro.jpg"></img><br>der  Umlaut
<img src=""></img><br>betűz,<img src=""></img><br> buchstabieren
<img src="https://st5.depositphotos.com/4320021/76940/i/450/depositphotos_769408370-stock-photo-green-yes-speech-bubble-check.jpg"></img><br>igen,<img src="https://st5.depositphotos.com/4320021/76940/i/450/depositphotos_769408370-stock-photo-green-yes-speech-bubble-check.jpg"></img><br> ja
<img src=""></img><br>nem,<img src=""></img><br> nein
<img src="https://st5.depositphotos.com/7592178/75128/v/450/depositphotos_751285890-stock-illustration-perspectives-rear-side-view-sedan.jpg"></img><br>autó,<img src="https://st5.depositphotos.com/7592178/75128/v/450/depositphotos_751285890-stock-illustration-perspectives-rear-side-view-sedan.jpg"></img><br>das  Auto
<img src="https://st.depositphotos.com/1229718/1881/i/450/depositphotos_18811751-stock-photo-basketball-isolated.jpg"></img><br>kosárlabda,<img src="https://st.depositphotos.com/1229718/1881/i/450/depositphotos_18811751-stock-photo-basketball-isolated.jpg"></img><br>der  Basketball
<img src="https://st5.depositphotos.com/2971115/81470/v/450/depositphotos_814700496-stock-illustration-comic-book-page-template-empty.jpg"></img><br>képregény,<img src="https://st5.depositphotos.com/2971115/81470/v/450/depositphotos_814700496-stock-illustration-comic-book-page-template-empty.jpg"></img><br>der  Comic
<img src="https://st3.depositphotos.com/4754361/12911/v/450/depositphotos_129116786-stock-illustration-set-of-square-vector-photo.jpg"></img><br>fotó,<img src="https://st3.depositphotos.com/4754361/12911/v/450/depositphotos_129116786-stock-illustration-set-of-square-vector-photo.jpg"></img><br>das  Foto
<img src="https://st4.depositphotos.com/1292719/40085/v/380/depositphotos_400859264-stock-illustration-cartoon-colorful-hand-drawn-doodles.jpg"></img><br>poszter,<img src="https://st4.depositphotos.com/1292719/40085/v/380/depositphotos_400859264-stock-illustration-cartoon-colorful-hand-drawn-doodles.jpg"></img><br>das  Poster
<img src="https://st5.depositphotos.com/2939267/75788/v/380/depositphotos_757884050-stock-illustration-milk-splashing-chocolate-liquid-chocolate.jpg"></img><br>csokoládé,<img src="https://st5.depositphotos.com/2939267/75788/v/380/depositphotos_757884050-stock-illustration-milk-splashing-chocolate-liquid-chocolate.jpg"></img><br>die  Schokolade
<img src="https://st5.depositphotos.com/7402484/62649/i/450/depositphotos_626497368-stock-photo-bear-hidden-yellow-forest-autumn.jpg"></img><br>medve,<img src="https://st5.depositphotos.com/7402484/62649/i/450/depositphotos_626497368-stock-photo-bear-hidden-yellow-forest-autumn.jpg"></img><br>der  Bär
<img src="https://st4.depositphotos.com/2111845/26515/v/450/depositphotos_265155692-stock-illustration-vector-cute-african-animal-chameleon.jpg"></img><br>kaméleon,<img src="https://st4.depositphotos.com/2111845/26515/v/450/depositphotos_265155692-stock-illustration-vector-cute-african-animal-chameleon.jpg"></img><br>der  Chamäleon
<img src="https://st4.depositphotos.com/13324256/22737/i/450/depositphotos_227373578-stock-photo-view-food-composition-raw-fish.jpg"></img><br>hal,<img src="https://st4.depositphotos.com/13324256/22737/i/450/depositphotos_227373578-stock-photo-view-food-composition-raw-fish.jpg"></img><br>der  Fisch
<img src="https://st.depositphotos.com/3102027/54590/i/450/depositphotos_545904826-stock-photo-cute-happy-fluffy-active-pet.jpg"></img><br>kutya,<img src="https://st.depositphotos.com/3102027/54590/i/450/depositphotos_545904826-stock-photo-cute-happy-fluffy-active-pet.jpg"></img><br>der  Hund
<img src="https://static5.depositphotos.com/1017716/529/i/450/depositphotos_5290204-stock-photo-beautiful-european-cat-in-front.jpg"></img><br>kandúr,<img src="https://static5.depositphotos.com/1017716/529/i/450/depositphotos_5290204-stock-photo-beautiful-european-cat-in-front.jpg"></img><br>der  Kater
<img src="https://st2.depositphotos.com/1967477/6347/v/450/depositphotos_63475167-stock-illustration-cartoon-rhino.jpg"></img><br>orrszarvú,<img src="https://st2.depositphotos.com/1967477/6347/v/450/depositphotos_63475167-stock-illustration-cartoon-rhino.jpg"></img><br>das  Nashorn
<img src="https://static7.depositphotos.com/1003722/719/i/450/depositphotos_7199204-stock-photo-brown-bull-isolated-on-whit.jpg"></img><br>ökör,<img src="https://static7.depositphotos.com/1003722/719/i/450/depositphotos_7199204-stock-photo-brown-bull-isolated-on-whit.jpg"></img><br>der  Ochse
<img src="https://static8.depositphotos.com/1529496/988/i/380/depositphotos_9883684-stock-photo-erawan-waterfall-kanchanaburi-thailand.jpg"></img><br>forrás,<img src="https://static8.depositphotos.com/1529496/988/i/380/depositphotos_9883684-stock-photo-erawan-waterfall-kanchanaburi-thailand.jpg"></img><br>die  Qualle
<img src="https://st5.depositphotos.com/23146722/74468/v/380/depositphotos_744688074-stock-illustration-set-flat-vector-illustrations-childrens.jpg"></img><br>fóka,<img src="https://st5.depositphotos.com/23146722/74468/v/380/depositphotos_744688074-stock-illustration-set-flat-vector-illustrations-childrens.jpg"></img><br>die  Robbe
<img src="https://static9.depositphotos.com/1594920/1087/i/380/depositphotos_10873298-stock-photo-eurasian-eagle-owl-bubo-bubo.jpg"></img><br>bagoly,<img src="https://static9.depositphotos.com/1594920/1087/i/380/depositphotos_10873298-stock-photo-eurasian-eagle-owl-bubo-bubo.jpg"></img><br>der  Uhu
<img src="https://st2.depositphotos.com/1578496/6130/i/380/depositphotos_61306437-stock-photo-mugimaki-flycatcher-bird.jpg"></img><br>madár,<img src="https://st2.depositphotos.com/1578496/6130/i/380/depositphotos_61306437-stock-photo-mugimaki-flycatcher-bird.jpg"></img><br>der  Vogel
<img src="https://st2.depositphotos.com/1012959/7078/i/380/depositphotos_70781773-stock-photo-black-yak-and-mount-kongde.jpg"></img><br>jak,<img src="https://st2.depositphotos.com/1012959/7078/i/380/depositphotos_70781773-stock-photo-black-yak-and-mount-kongde.jpg"></img><br>der  Yak