abbahagy,<img src=" "></img><br>auf hören
ablak,<img src=" "></img><br>das Fenster
adag,<img src=" "></img><br>die Portion
adapter,<img src=" "></img><br>der Adapter
adatok,<img src=" "></img><br>die Daten
adni,<img src=" "></img><br>geben    gab    h. gegeben (rendhagyó múlt)
adó,<img src=" "></img><br>(rádió tv) der Sender  die Steuer
ágy,<img src=" "></img><br>das Bett
ajándék,<img src=" "></img><br>das Geschenk
ajánlani,<img src=" "></img><br>empfehlen    empfahl    h. empfohlen
ajtó,<img src=" "></img><br>die Tür
akarni,<img src=" "></img><br>wollen    wollte    h. gewollt
akarok/ akarsz/ akar,<img src=" "></img><br>ich will    du willst    er sie will
akcentus/ akcentus nélkül,<img src=" "></img><br>der Akzent    akzentfrei
akkor,<img src=" "></img><br>dann
akkumulátor,<img src=" "></img><br>der Akkumulator    die Batterie
alacsony,<img src=" "></img><br>niedrig    klein
alagút,<img src=" "></img><br>der Tunnel
aláírni,<img src=" "></img><br>unter schreiben    unterzeichnen    h.
alatt,<img src=" "></img><br>unter
alkalmanként,<img src=" "></img><br>gelegentlich
alkalmi munkás,<img src=" "></img><br>der Gelegenheitsarbeiter
alkalmilag,<img src=" "></img><br>bei Gelegenheit
alkalom,<img src=" "></img><br>die Gelegenheit
kedvező alakalom,<img src=" "></img><br>günstige Gelegenheit
alkoholmentes,<img src=" "></img><br>alkoholfrei
alkoholos (ital),<img src=" "></img><br>alkoholisch
állampolgár/nő,<img src=" "></img><br>der  die Staatsbürger in
áll,<img src=" "></img><br>stehen    stand    h. gestanden
állandóan,<img src=" "></img><br>immer
állás,<img src=" "></img><br>die Stelle - állandó állás=feste Stelle
állat,<img src=" "></img><br>das Tier
állatkert,<img src=" "></img><br>der Zoo
állatorvos/nő,<img src=" "></img><br>der Tierarzt  die Tierärztin
allergia,<img src=" "></img><br>die Allergie
allergiás,<img src=" "></img><br>allergisch
állomás,<img src=" "></img><br>die Station
állvány,<img src=" "></img><br>das Gestell Gerüst
állványoz,<img src=" "></img><br>aufrüsten
alma,<img src=" "></img><br>der Apfel
alsónadrág,<img src=" "></img><br>die Unterhose
alszik,<img src=" "></img><br>schlafen    schlief    h. geschlafen
általános,<img src=" "></img><br>gewöhnlich    generell
álmos,<img src=" "></img><br>schläfrig
aluljáró,<img src=" "></img><br>die Unterführung
amikor,<img src=" "></img><br>als (csak egyszer) wenn (általában)
amilyen hamar csak lehet,<img src=" "></img><br>so bald wie möglich
Anglia,<img src=" "></img><br>das England - Angliába=nach England
angol,<img src=" "></img><br>englisch
antenna,<img src=" "></img><br>die Antenne
anya,<img src=" "></img><br>die Mutter
anyai,<img src=" "></img><br>mütterlich
anyaság,<img src=" "></img><br>die Mutterschaft
anyag,<img src=" "></img><br>das Material     der Stoff
anyanyelv,<img src=" "></img><br>die Muttersprache
anyós,<img src=" "></img><br>die Schwiegermutter
apa,<img src=" "></img><br>der Vater
apai,<img src=" "></img><br>väterlich
apaság,<img src=" "></img><br>die Vaterschaft
apátlan,<img src=" "></img><br>vaterlos
após,<img src=" "></img><br>der Schwiegervater
ápolónő,<img src=" "></img><br>die Krankenschwerster
április,<img src=" "></img><br>der April - áprilisban=im April
aprópénz,<img src=" "></img><br>das Kleingeld
ár,<img src=" "></img><br>der Preis
áram,<img src=" "></img><br>der Strom
áramszünet,<img src=" "></img><br>der Stromausfall
arany,<img src=" "></img><br>das Gold
arc,<img src=" "></img><br>das Gesicht
árúház,<img src=" "></img><br>das Kaufhaus
ásványvíz,<img src=" "></img><br>das Mineralwasser
asszony,<img src=" "></img><br>die Frau
asztal,<img src=" "></img><br>der Tisch m
asztalos/nő,<img src=" "></img><br>der Tischler    die Tischlerin
átöltözni,<img src=" "></img><br>um ziehen
átutalni,<img src=" "></img><br>überweisen    h.
augusztus,<img src=" "></img><br>der August -
autó,<img src=" "></img><br>das Auto - autóban=im Auto
autópálya,<img src=" "></img><br>die Autobahn
az,<img src=" "></img><br>das
azonos,<img src=" "></img><br>gleich
baba,<img src=" "></img><br>das Baby
babaülés,<img src=" "></img><br>der Babysitz
bádogos,<img src=" "></img><br>der Klempner
baleset,<img src=" "></img><br>der Unfall
bal oldal,<img src=" "></img><br>die linke Seite
balra,<img src=" "></img><br>links
bank,<img src=" "></img><br>die Bank - bankba=in die Bank
bankautomata,<img src=" "></img><br>der Bankomat    der Geldautomat
bankszámla,<img src=" "></img><br>das Bankkonto
baromfi,<img src=" "></img><br>das Geflügel
bár,<img src=" "></img><br>die Bar
barát/nő,<img src=" "></img><br>der Freund    die Freundin
barna,<img src=" "></img><br>braun
be ,<img src=" "></img><br>ein    herein    hinein
becsuk,<img src=" "></img><br>zu machen    (zu)schließen
beindít,<img src=" "></img><br>aus springen
befejez,<img src=" "></img><br>(be)enden    h.
bejelentkezik,<img src=" "></img><br>sich an melden    h.
bejelentkezem,<img src=" "></img><br>ich melde mich an
bejelentőlap,<img src=" "></img><br>der Meldezettel
bekapcsol,<img src=" "></img><br>ein schalten    h.
belépőjegy,<img src=" "></img><br>die Eintrittskarte
belső sáv,<img src=" "></img><br>die Innenspur
belváros,<img src=" "></img><br>die Innenstadt
bélyeg,<img src=" "></img><br>die Briefmarke
bemutatkozik,<img src=" "></img><br>sich vorstellen
bemutatkozom,<img src=" "></img><br>ich vorstelle mich
bent,<img src=" "></img><br>drinnen
benzin,<img src=" "></img><br>das Benzin
benzinkút,<img src=" "></img><br>die Tankstelle
benzinkutas/nő,<img src=" "></img><br>der Tankwart    die Tankwärtin
bér (fizetés),<img src=" "></img><br>der Lohn
bérelni,<img src=" "></img><br>mieten    h.
bérlő/nő,<img src=" "></img><br>der Mieter    die Mieterin
bérlet,<img src=" "></img><br>die Zeitkarte
beszáll,<img src=" "></img><br>ein steigen    stieg ein    h. eingestiegen
beszélni,<img src=" "></img><br>sprechen    sprach    h. gesprochen
 ki beszél?,<img src=" "></img><br>wer spricht?
beszélget,<img src=" "></img><br>sich unterhalten    -hielt    h. -gehalten
beszélgetünk,<img src=" "></img><br>wir unterhalten uns
 beszélgetés,<img src=" "></img><br>das Gespräch
beteg,<img src=" "></img><br>krank
betűzni,<img src=" "></img><br>buchstabieren    h.
bevásárlás,<img src=" "></img><br>der Einkauf
bevásárlóközpont,<img src=" "></img><br>das Einkaufszentrum
bevásárol,<img src=" "></img><br>ein kaufen    h.
bicska,<img src=" "></img><br>das Taschenmesser
birság,<img src=" "></img><br>die Geldstrafe
birtokolni,<img src=" "></img><br>haben    hatte    h. gehabt
 nekem van/ neked van,<img src=" "></img><br>ich habe    du hast    er sie hat
bizonyítvány,<img src=" "></img><br>das Zeugnis
biztonság,<img src=" "></img><br>die Sicherheit
biztos,<img src=" "></img><br>sicher
 biztos benne?,<img src=" "></img><br>Sind Sie sicher?
biztosítás,<img src=" "></img><br>die Versicherung
bliccel,<img src=" "></img><br>schwarz fahren    fuhr    i. gefahren
blúz,<img src=" "></img><br>die Bluse
bocsánat!,<img src=" "></img><br>Entschuldigung!
bolhapiac,<img src=" "></img><br>der Flohmarkt
bor,<img src=" "></img><br>der Wein
borjú,<img src=" "></img><br>das Kalb
 borlap,<img src=" "></img><br>die Weinkarte
borda,<img src=" "></img><br>die Rippe
 bordatörés,<img src=" "></img><br>der Rippenbruch
boríték,<img src=" "></img><br>der Briefumschlag
borotválkozni,<img src=" "></img><br>sich rasieren
borotválkozom,<img src=" "></img><br>ich rasiere mich
borozó,<img src=" "></img><br>die Weinstube
borravaló,<img src=" "></img><br>das Trinkgeld
bors,<img src=" "></img><br>der Pfeffer
borzalmas,<img src=" "></img><br>schrecklich
bőr (anyag),<img src=" "></img><br>das Leder
bőr (emberi),<img src=" "></img><br>die Haut
bőrönd,<img src=" "></img><br>der Koffer
börtön,<img src=" "></img><br>das Gefägnis
busz,<img src=" "></img><br>der Bus  - busszal=mit dem Bus
 buszjárat,<img src=" "></img><br>die Buslinie
 buszpályaudvar,<img src=" "></img><br>der Busbahnhof
 buszmegálló,<img src=" "></img><br>die Bushaltestelle
buta/ butaság,<img src=" "></img><br>dumm    die Dummheit
bútor,<img src=" "></img><br>das Möbel
bútorozott,<img src=" "></img><br>möbliert
bűnös,<img src=" "></img><br>schuldig
bűntelen,<img src=" "></img><br>schuldlos
bűntetés,<img src=" "></img><br>die Strafe
cég,<img src=" "></img><br>die Firma
cél,<img src=" "></img><br>das Ziel     das Zweck
ceruza,<img src=" "></img><br>der Bleistift
cigaretta,<img src=" "></img><br>die Zigarette
cím,<img src=" "></img><br>die Adresse
 megcímez,<img src=" "></img><br>adressieren
cipő,<img src=" "></img><br>die Schuhe
 cipő/javítás/  javító,<img src=" "></img><br>die Schuhreparatur     der Schuster
citrom,<img src=" "></img><br>die Zitrone
comb,<img src=" "></img><br>der Oberschenkel
cukor,<img src=" "></img><br>der Zucker - cukorral=mit dem Zucker
cukorbeteg/nő,<img src=" "></img><br>der Diabetiker    die Diabetiker
cukrász/nő,<img src=" "></img><br>der Korditor    die Konditorin
cukrászda,<img src=" "></img><br>die Konditorei
család,<img src=" "></img><br>die Familie - családdal=mit der Familie
családi állapot,<img src=" "></img><br>der Familienstand
csapat,<img src=" "></img><br>die Mannschaft    das  Team
csatlakozás,<img src=" "></img><br>der Anschluss  (utazási)
csatorna/ csatornázni,<img src=" "></img><br>der Kanal     kanalisieren
csavar,<img src=" "></img><br>die Schraube
csendes,<img src=" "></img><br>still    leise
cseng,<img src=" "></img><br>klingen    h.
cserélni,<img src=" "></img><br>um tauschen    h.
csésze,<img src=" "></img><br>die Tasse
csinálni    tenni,<img src=" "></img><br>machen    h. - tun    h.
csinos,<img src=" "></img><br>hübsch
csirke,<img src=" "></img><br>das Huhn    das Hähnchen (fiatal)
csizma,<img src=" "></img><br>der Stiefel
csokoládé,<img src=" "></img><br>die Schokolade
csókolni,<img src=" "></img><br>küssen    h.
csomag,<img src=" "></img><br>die Packung
csomagkiadó,<img src=" "></img><br>die Gepäckaufbewahrung
csomagtartó,<img src=" "></img><br>der Kofferraum (autóban)
csoport,<img src=" "></img><br>die Gruppe
csúcsforgalom,<img src=" "></img><br>der Spitzenverkehr
csúcsidő,<img src=" "></img><br>die Hauptverkehrszeit
csúnya,<img src=" "></img><br>hässlich
csúszós,<img src=" "></img><br>rutschig    glatt
csütörtök,<img src=" "></img><br>der Donnerstag    csütörtökön am Donnerstag
darab,<img src=" "></img><br>das Stück
dátum,<img src=" "></img><br>das Datum
de,<img src=" "></img><br>aber
defekt,<img src=" "></img><br>die Panne
dél,<img src=" "></img><br>der Mittag (napszak)    der Süden
délelőtt,<img src=" "></img><br>vormittags (határozó)    der Vormittag (főnév)
délutánonként,<img src=" "></img><br>nachmittags
diák/lány (iskolás),<img src=" "></img><br>der die Schüler in
(egyetemen),<img src=" "></img><br>der die Student in
diákigazolvány,<img src=" "></img><br>der Schülerausweis    der Studentausweis
diákszálló,<img src=" "></img><br>die Jugendherberge
dohánybolt,<img src=" "></img><br>das Tabakgeschäft
dohányozni,<img src=" "></img><br>rauchen    h.
dolgozni   munka,<img src=" "></img><br>arbeiten    h. - die Arbeit
dolgozó/nő,<img src=" "></img><br>der die Arbeiter in
drága,<img src=" "></img><br>teuer
dupla,<img src=" "></img><br>doppel
ebéd,<img src=" "></img><br>das Mittagessen
ebédel,<img src=" "></img><br>(zu) Mittag essen
edény,<img src=" "></img><br>der Topf
édes,<img src=" "></img><br>süß
Egészségedre!,<img src=" "></img><br>Zum Wohl!
(tüsszentés),<img src=" "></img><br>Zur Gesundheit!
egész,<img src=" "></img><br>ganz (teljes)    komplett
egészséges,<img src=" "></img><br>gesund
ég,<img src=" "></img><br>brennen    brannte    h. gebrannt
éghajlat,<img src=" "></img><br>das Klima
egy,<img src=" "></img><br>eins (számnév)
egy,<img src=" "></img><br>ein    eine    ein (határozatlan névelő)
egy kevés,<img src=" "></img><br>ein wenig
egyedül,<img src=" "></img><br>allein
egyenesen,<img src=" "></img><br>geradeaus
egyetem,<img src=" "></img><br>die Universität  (Uni)
egyetértek,<img src=" "></img><br>ich bin einverstanden.
egyszer    kétszer,<img src=" "></img><br>einmal - zweimal
egyszerű,<img src=" "></img><br>einfach
együtt,<img src=" "></img><br>zusammen
éhes,<img src=" "></img><br>hungrig
éjfél,<img src=" "></img><br>die Mitternacht
éjszaka,<img src=" "></img><br>die Nacht
el ,<img src=" "></img><br>weg-
elad,<img src=" "></img><br>verkaufen    h.
eladó/nő,<img src=" "></img><br>der die Verkäufer in
elég,<img src=" "></img><br>genug
elégedett,<img src=" "></img><br>zufrieden
élelmiszer,<img src=" "></img><br>das Lebensmittel
elem,<img src=" "></img><br>die Batterie
elérni,<img src=" "></img><br>erreichen    h.
elintéz,<img src=" "></img><br>erledigen    h.
éles,<img src=" "></img><br>scharf
elfelejteni,<img src=" "></img><br>vergessen    vergaß    h. vergessen
elfogadni,<img src=" "></img><br>akzeptieren    h.
elhozni,<img src=" "></img><br>ab holen    h.
elkezd,<img src=" "></img><br>an fangen    fing an    h. angefangen
elkerülő út,<img src=" "></img><br>die Umleitung -  die - ung
ellenőriz,<img src=" "></img><br>überprüfen    h.  kontrolieren    h.
elmagyaráz,<img src=" "></img><br>erklären    h.
elmond,<img src=" "></img><br>sagen    h. (megmond)    erzählen h. (elmesél)
Elnézést!,<img src=" "></img><br>Verzeihung!
előétel,<img src=" "></img><br>die Vorspeise
első/ második/ harmadik,<img src=" "></img><br>erste    zweite    dritte
elsősegély,<img src=" "></img><br>erste Hilfe
eltéved,<img src=" "></img><br>sich verirren    h.
eltölteni (időt),<img src=" "></img><br>verbringen    verbracht    h. verbringen
elutazik,<img src=" "></img><br>ab fahren    fuhr ab    i. abgefahren
elveszíteni,<img src=" "></img><br>verlieren    verlor    h. verloren
elvitelre,<img src=" "></img><br>zum Mitnehmen
elvontatni,<img src=" "></img><br>ab schleppen    schleppte... ab    h. abgeschleppt
emberek,<img src=" "></img><br>die Leute
emelet,<img src=" "></img><br>die Etage
emlékezik valamire,<img src=" "></img><br>sich errinern (an+Tárgy eset)
énekelni,<img src=" "></img><br>singen    sang    h. gesungen
engedély,<img src=" "></img><br>die Genehmigung
engem,<img src=" "></img><br>mich
enni,<img src=" "></img><br>essen    aß    h. gegessen
épiteni,<img src=" "></img><br>bauen    h.
épület,<img src=" "></img><br>das Gebäude
érdekes,<img src=" "></img><br>interressant
érdekel engem,<img src=" "></img><br>ich interressiere mich
erdő,<img src=" "></img><br>der Wald - erdőbe=in den Wald
érkezik,<img src=" "></img><br>an kommen    kam ...an    i. gekommen
erős,<img src=" "></img><br>stark
értékes,<img src=" "></img><br>wertvoll
érteni,<img src=" "></img><br>verstehen    verstand    h. versrtehen
 Nem értem,<img src=" "></img><br>ich verstehe nicht
érvényes tól..ig..,<img src=" "></img><br>gültig von... bis..
és,<img src=" "></img><br>und
esernyő,<img src=" "></img><br>der Regenschirm
eső,<img src=" "></img><br>der Regen
esőkabát,<img src=" "></img><br>der Regenmantel
észak,<img src=" "></img><br>der Nord
étel,<img src=" "></img><br>das Gericht
étkezőkocsi,<img src=" "></img><br>der Speisewagen
étlap,<img src=" "></img><br>die Speisekarte
étterem,<img src=" "></img><br>das Restaurant
év,<img src=" "></img><br>das Jahr
evőeszköz,<img src=" "></img><br>das Besteck
évente,<img src=" "></img><br>jährlich pro Jahr
ez minden,<img src=" "></img><br>das ist alles
ez,<img src=" "></img><br>dies
ezer,<img src=" "></img><br>tausend
ezüst,<img src=" "></img><br>silber
fa (anyag),<img src=" "></img><br>das Holz
fa,<img src=" "></img><br>der Baum
faanyag,<img src=" "></img><br>das Holzmaterial
fagy,<img src=" "></img><br>der Frost
fagylalt,<img src=" "></img><br>das Eis
fáj,<img src=" "></img><br>es tut weh
fal,<img src=" "></img><br>die Wand - falra=an die Wand
das Dorf,<img src=" "></img><br>falu
falusi,<img src=" "></img><br>dörflich
fantasztikus,<img src=" "></img><br>fantastisch
fáradt,<img src=" "></img><br>müde
farm,<img src=" "></img><br>der Bauernhof
fehér,<img src=" "></img><br>weiß
fej,<img src=" "></img><br>der Kopf
 fejfájás,<img src=" "></img><br>die Kopfschmerzen
fék,<img src=" "></img><br>die Bremse
fekete   fekete munka,<img src=" "></img><br>schwarz - Schwarzarbeit
fekszik,<img src=" "></img><br>liegen    lag    h. gelogen
fél hét,<img src=" "></img><br>halb sieben
feleség,<img src=" "></img><br>die Frau
felett,<img src=" "></img><br>über
felírni,<img src=" "></img><br>auf schreiben    schrieb.. auf    aufgeschrieben
félni,<img src=" "></img><br>Angst haben
 félek,<img src=" "></img><br>ich habe Angst
felöltözik,<img src=" "></img><br>sich an ziehen
felpróbál,<img src=" "></img><br>an probieren. probierte..an    h.anprobiert
félreértés,<img src=" "></img><br>das Missverständnis
felüljáró,<img src=" "></img><br>der Übergang
fent,<img src=" "></img><br>oben
fény,<img src=" "></img><br>das Licht
férj/ férfi,<img src=" "></img><br>der Mann
fest,<img src=" "></img><br>malen    h.
festék,<img src=" "></img><br>die Farbe
fia (valakinek),<img src=" "></img><br>der Sohn
fiatal,<img src=" "></img><br>jung
fiú,<img src=" "></img><br>der Junge
fiútestvér   leánytestvér,<img src=" "></img><br>der Bruder - die Schwester
fizetés,<img src=" "></img><br>das Gehalt
fizetni,<img src=" "></img><br>zahlen    h.
fodrász/nő,<img src=" "></img><br>der die Friseur in
fog,<img src=" "></img><br>der Zahn
fogkrém,<img src=" "></img><br>die Zahnpasta
foglalás   foglalni,<img src=" "></img><br>die Reservierung - reservieren    h.
foglalkozás,<img src=" "></img><br>der Beruf
foglalni,<img src=" "></img><br>reservieren    buchen    h.
foglalt,<img src=" "></img><br>besetzt
fogorvos/nő,<img src=" "></img><br>der Zahnarzt   die  Zahnärztin
fok,<img src=" "></img><br>das Grad (hőmérséklet)
folyékony/an,<img src=" "></img><br>fließend
folyó   folyóban,<img src=" "></img><br>der Fluß - im Fluß
folyosó,<img src=" "></img><br>der Gang
fontos,<img src=" "></img><br>wichtig
fordít,<img src=" "></img><br>übersetzen    h.
forgalmi engedély,<img src=" "></img><br>die Kraftfahrzeugzulassung
forgalom,<img src=" "></img><br>der Verkehr (közlekedés)
forró,<img src=" "></img><br>heiß
fő,<img src=" "></img><br>haupt
főbérlő/nő,<img src=" "></img><br>der die Vermieter in
főtt   főtt tojás,<img src=" "></img><br>gekocht - gokochtes Ei
főútvonal,<img src=" "></img><br>die Hauptstraße
főváros   fővárosban,<img src=" "></img><br>die Hauptstadt - in der Hauptstadt
főzni,<img src=" "></img><br>kochen    h.
friss   friss kenyér,<img src=" "></img><br>frisch - frisches Brot
fű,<img src=" "></img><br>der Rasen
függöny,<img src=" "></img><br>der Vorhang
fürdeni,<img src=" "></img><br>baden    h.
fürdőszoba,<img src=" "></img><br>das Badezimmer
fűszer,<img src=" "></img><br>die Würze
 fűszeres,<img src=" "></img><br>würzig
fűt,<img src=" "></img><br>heizen    h.
fűtés,<img src=" "></img><br>die Heizung
garancia,<img src=" "></img><br>die Garantie
garantálni,<img src=" "></img><br>garantieren    h.
garázs,<img src=" "></img><br>die Garage
gazdag,<img src=" "></img><br>reich
gazdaság,<img src=" "></img><br>die Wirtschaft
gépjármű,<img src=" "></img><br>das Kraftfahrzeug
gépjárművezető,<img src=" "></img><br>der Kraftfahrer
gondnok,<img src=" "></img><br>der Hausverwalter
gondoskodni,<img src=" "></img><br>sorgen    h.
gondoz,<img src=" "></img><br>pflegen    h.
gödör,<img src=" "></img><br>die Grube
gumiabroncs,<img src=" "></img><br>der Reifen
gyakorolni  gyakorlat,<img src=" "></img><br>üben    h. - die Übung
gyakran,<img src=" "></img><br>oft
gyalog,<img src=" "></img><br>zu Fuß
gyenge,<img src=" "></img><br>schwach
gyerek/ gyerekek,<img src=" "></img><br>das Kind   die Kinder
gyógyszer,<img src=" "></img><br>das Medikament
gyógyszertár,<img src=" "></img><br>die Apotheke
gyógyvíz,<img src=" "></img><br>das Heilwasser
gyors,<img src=" "></img><br>schnell
gyorsbüfé,<img src=" "></img><br>der Schnellimbiss
gyújtás,<img src=" "></img><br>die Zündung
gyümölcs,<img src=" "></img><br>das Obst    die Frucht
gyümölcslé,<img src=" "></img><br>der Fruchtsaft
ha,<img src=" "></img><br>wenn
hamar,<img src=" "></img><br>bald
hagyma,<img src=" "></img><br>die Zwiebel
haj,<img src=" "></img><br>das Haar
hajó,<img src=" "></img><br>das Schiff
hall,<img src=" "></img><br>hören    h.
hallgat,<img src=" "></img><br>(valamit) hören    (nem beszél) schweigen    h.
hálószoba,<img src=" "></img><br>das Schlafzimmer
HAMIS,<img src=" "></img><br>falsch
hang,<img src=" "></img><br>die Stimme
hangos,<img src=" "></img><br>laut
hány/ mennyi?,<img src=" "></img><br>wie viel?
harapófogó,<img src=" "></img><br>die Zange
harisnyanadrág,<img src=" "></img><br>die Strumpfhose
harmadik,<img src=" "></img><br>dritte
harminc,<img src=" "></img><br>dreißig
három,<img src=" "></img><br>drei
hasmenés,<img src=" "></img><br>der Durchfall
használni,<img src=" "></img><br>benutzen
használt,<img src=" "></img><br>gebraucht
hasznos,<img src=" "></img><br>nützlich
hát (testrész),<img src=" "></img><br>der Rücken
hat,<img src=" "></img><br>sechs
határ (ország),<img src=" "></img><br>die Grenze
hátizsák,<img src=" "></img><br>der Rucksack
hatvan,<img src=" "></img><br>sechzig
havazni,<img src=" "></img><br>schneien    h.
havi bérlet,<img src=" "></img><br>die Monatskarte
havonta,<img src=" "></img><br>pro Monat
haza,<img src=" "></img><br>nach Hause
ház   házban,<img src=" "></img><br>das Haus - im Haus
házas,<img src=" "></img><br>verheiratet
hegy,<img src=" "></img><br>der Berg
hegycsúcs,<img src=" "></img><br>der Gipfel
helikopter,<img src=" "></img><br>der Helikopter   sy. der Hubschrauber
hely,<img src=" "></img><br>der Platz
helyes,<img src=" "></img><br>richtig
  ez igaz,<img src=" "></img><br>das ist richtig
helyett,<img src=" "></img><br>statt
helyjegy (vonat),<img src=" "></img><br>die Platzkarte
hentes (foglalkozás),<img src=" "></img><br>der Fleischer
hentes (üzlet),<img src=" "></img><br>die Fleischerei
hét,<img src=" "></img><br>die Woche
hét (számnév),<img src=" "></img><br>sieben
hetente,<img src=" "></img><br>pro Woche
hétfő   hétfőn,<img src=" "></img><br>der Montag - am Montag
hetijegy,<img src=" "></img><br>die Wochenkarte
hétvége,<img src=" "></img><br>das Wochenende
hetven,<img src=" "></img><br>siebzig
hiba,<img src=" "></img><br>der Fehler
híd   át a hídon,<img src=" "></img><br>die Brücke - über die Brücke
hideg   hideg víz,<img src=" "></img><br>kalt - kaltes Wasser
himnemű,<img src=" "></img><br>männlich
hinni,<img src=" "></img><br>glauben    h.
hír   jó/rossz hír,<img src=" "></img><br>die Nachricht - gute schlechte Nachricht
híres,<img src=" "></img><br>berühmt
hitel,<img src=" "></img><br>das Darlehen
hitelkártya,<img src=" "></img><br>die Kreditkarte
hitelképesség,<img src=" "></img><br>die Kreditwürdigkeit
hivni,<img src=" "></img><br>rufen    rief    h. gerufen
hívja a rendőrséget!,<img src=" "></img><br>rufen Sie die Polizei!
visszahívom!,<img src=" "></img><br>ich rufe zurück!
hó,<img src=" "></img><br>der Schnee
hogyan?,<img src=" "></img><br>wie?
hol?,<img src=" "></img><br>wo?
holnap   holnap reggel,<img src=" "></img><br>morgen - morgen früh
homok,<img src=" "></img><br>der Sand
hónap   havonta,<img src=" "></img><br>der Monat - pro Monat
honnan?,<img src=" "></img><br>woher?
hordani,<img src=" "></img><br>tragen    trug    h. getragen
hossz,<img src=" "></img><br>die Länge
hosszú   hosszú idő,<img src=" "></img><br>lang - lange Zeit
hotel   hotelban,<img src=" "></img><br>das Hotel - im Hotel
hová?,<img src=" "></img><br>wohin?
hozni/ vinni,<img src=" "></img><br>bringen    brachte    h. gebracht
hús,<img src=" "></img><br>das Fleisch
húsz,<img src=" "></img><br>zwanzig
húzni,<img src=" "></img><br>ziehen    zog    h. gezogen
hütőszekrény,<img src=" "></img><br>der Kühlschrank
idő   rövid/hosszú idő,<img src=" "></img><br>die Zeit - kurze lange Zeit
időjárás,<img src=" "></img><br>das Wetter
időpont,<img src=" "></img><br>der Termin
IGAZ,<img src=" "></img><br>wahr
igazolás,<img src=" "></img><br>die Bescheinigung
igazolvány,<img src=" "></img><br>der Ausweis
illemhely,<img src=" "></img><br>die Toilette
indulás (vonat),<img src=" "></img><br>die Abfahrt
indulni (vonat),<img src=" "></img><br>ab fahren    fuhr. ab    i. abgefahren
információ,<img src=" "></img><br>die Auskunft
ing,<img src=" "></img><br>das Hemd
ingyenes,<img src=" "></img><br>frei    kostenlos
inni,<img src=" "></img><br>trinken    trank    h. getrunken
irány,<img src=" "></img><br>die Richtung
irásban,<img src=" "></img><br>schriftlich
iroda   irodában,<img src=" "></img><br>das Büro - im Büro
iskola   iskolába,<img src=" "></img><br>die Schule - in die Schule
ismételni,<img src=" "></img><br>wiederholen    h.
ivóvíz,<img src=" "></img><br>das Trinkwasser
ízlés,<img src=" "></img><br>der Geschmack
izom,<img src=" "></img><br>der Muskel
január,<img src=" "></img><br>der Januar
jármű,<img src=" "></img><br>das Fahrzeug
játék,<img src=" "></img><br>das Spiel
játszani,<img src=" "></img><br>spielen
javasolni,<img src=" "></img><br>vorschlagen    -schlug    h. -geschlagen
javítani,<img src=" "></img><br>reparieren    h.
jég,<img src=" "></img><br>das Eis
jegy,<img src=" "></img><br>der Fahrschein
  belépőjegy,<img src=" "></img><br>die Eintrittskarte
jelenteni vmit,<img src=" "></img><br>bedeuten    h.
jó,<img src=" "></img><br>gut
jobb,<img src=" "></img><br>besser
jobb (irány),<img src=" "></img><br>recht
jobbra,<img src=" "></img><br>rechts
julius   juliusban,<img src=" "></img><br>der Juli - im Juli
junius   juniusban,<img src=" "></img><br>der Juni - im Juni
kabát,<img src=" "></img><br>der Mantel
kalap,<img src=" "></img><br>der Hut
kalapács,<img src=" "></img><br>der Hammer
kanál,<img src=" "></img><br>der Löffel
kar,<img src=" "></img><br>der Arm
kártya,<img src=" "></img><br>die Karte
kassza,<img src=" "></img><br>die Kasse
kávé,<img src=" "></img><br>der Kaffee
kedd,<img src=" "></img><br>der Dienstag
kedves   kedves anya,<img src=" "></img><br>nett -   liebe Mutter
kefe,<img src=" "></img><br>die Bürste
kék,<img src=" "></img><br>blau
kelet,<img src=" "></img><br>der Ost
kell/ nekem.. kell,<img src=" "></img><br>müssen    ich muß...
kellemes,<img src=" "></img><br>angenehm
kenyér,<img src=" "></img><br>das Brot
kérdés,<img src=" "></img><br>die Frage
kérdezni,<img src=" "></img><br>fragen    h.
kerek,<img src=" "></img><br>rund
kerékpár,<img src=" "></img><br>das Fahrrad
kérem,<img src=" "></img><br>bitte
keresni,<img src=" "></img><br>suchen    h.
keresztül,<img src=" "></img><br>durch
kert,<img src=" "></img><br>der Garten
kés,<img src=" "></img><br>das Messer
késés,<img src=" "></img><br>die Verspätung
kész,<img src=" "></img><br>fertig
készpénz,<img src=" "></img><br>das Bargeld
kesztyű,<img src=" "></img><br>der Handschuh
kétszer,<img src=" "></img><br>zweimal
kettő,<img src=" "></img><br>zwei
kevés,<img src=" "></img><br>wenig
kevesebb,<img src=" "></img><br>weniger
kéz,<img src=" "></img><br>der Hand
kezdeni,<img src=" "></img><br>beginnen    begann    h. begonnen
kezdő,<img src=" "></img><br>der Anfänger
ki,<img src=" "></img><br>wer
kicsi,<img src=" "></img><br>klein
kiejteni,<img src=" "></img><br>aus sprechen    sprach aus    h. ausgesprochen
kijárat,<img src=" "></img><br>der Ausgang
kilenc,<img src=" "></img><br>neun
kilencven,<img src=" "></img><br>neunzig
kilo,<img src=" "></img><br>das Kilo
kinek a..?,<img src=" "></img><br>wessen..?
kinyitni,<img src=" "></img><br>auf schließen
kirándulás,<img src=" "></img><br>der Ausflug
kitölteni,<img src=" "></img><br>aus füllen    h.
kivánni,<img src=" "></img><br>wünschen    h.
kívül,<img src=" "></img><br>außer
kolbász,<img src=" "></img><br>die Wurst
komoly,<img src=" "></img><br>ernst
konzerv,<img src=" "></img><br>die Dose
konyha   konyhába,<img src=" "></img><br>die Küche - in die Küche
korán,<img src=" "></img><br>früh
korház,<img src=" "></img><br>das Krankenhaus
ködös,<img src=" "></img><br>neblig
kölcsön,<img src=" "></img><br>das Darlehen
könnyű,<img src=" "></img><br>leicht
könyv,<img src=" "></img><br>das Buch
környék,<img src=" "></img><br>die Gegend
körülbelül,<img src=" "></img><br>etwa
köszönöm,<img src=" "></img><br>danke
kötetlen,<img src=" "></img><br>zwanglos
kövér,<img src=" "></img><br>dick
következő,<img src=" "></img><br>nächste
követni,<img src=" "></img><br>folgen
közel,<img src=" "></img><br>nah
közlekedés,<img src=" "></img><br>der Verkehr
között,<img src=" "></img><br>zwischen
krumpli,<img src=" "></img><br>die Kartoffeln
kulcs,<img src=" "></img><br>der Schlüssel
kutya,<img src=" "></img><br>der Hund
küldeni,<img src=" "></img><br>schicken    h.
külön,<img src=" "></img><br>getrennt
láb,<img src=" "></img><br>das Bein
lakás,<img src=" "></img><br>die Wohnung
lakni,<img src=" "></img><br>wohnen    h.
lámpa,<img src=" "></img><br>die Lampe
lány,<img src=" "></img><br>das Mädchen
lassan,<img src=" "></img><br>langsam
látni,<img src=" "></img><br>sehen    sah    h. gesehen
lenni   én leszek,<img src=" "></img><br>sein - ich werde sein
lent,<img src=" "></img><br>unten
lépcső,<img src=" "></img><br>die Treppe
levegő,<img src=" "></img><br>die Luft
levél,<img src=" "></img><br>der Brief
lift,<img src=" "></img><br>der Aufzug
lila,<img src=" "></img><br>lila
ma,<img src=" "></img><br>heute
madár,<img src=" "></img><br>der Vogel
magas,<img src=" "></img><br>groß
majdnem,<img src=" "></img><br>fast
május,<img src=" "></img><br>der Mai
már,<img src=" "></img><br>schon
maradni,<img src=" "></img><br>bleiben    blieb    i. geblieben
március,<img src=" "></img><br>der März
második,<img src=" "></img><br>zweite
másolat,<img src=" "></img><br>die Kopie
megálló,<img src=" "></img><br>die Haltestelle
meglátogatni,<img src=" "></img><br>besuchen    h.
meleg,<img src=" "></img><br>warm
mély,<img src=" "></img><br>tief
menni,<img src=" "></img><br>gehen    ging    i. gegangen
méret,<img src=" "></img><br>die Größe
mert,<img src=" "></img><br>weil
messze,<img src=" "></img><br>weit
mi?,<img src=" "></img><br>was?
mi,<img src=" "></img><br>wir (személyes névmás)
mind,<img src=" "></img><br>alle
mindig,<img src=" "></img><br>immer
mobil telefon,<img src=" "></img><br>das Handy
most,<img src=" "></img><br>jetzt
mozi,<img src=" "></img><br>das Kino
mutat,<img src=" "></img><br>zeigen
müködni,<img src=" "></img><br>funktionieren
nadrág,<img src=" "></img><br>die Hose
nagy,<img src=" "></img><br>groß
nagyon,<img src=" "></img><br>sehr
nagyság,<img src=" "></img><br>die Größe
nap,<img src=" "></img><br>die Sonne (égitest)
nap,<img src=" "></img><br>der Tag
naponta,<img src=" "></img><br>täglich    pro Tag
nappali,<img src=" "></img><br>das Wohzimmer
narancs,<img src=" "></img><br>die Orange
négy,<img src=" "></img><br>vier
negyedik,<img src=" "></img><br>vierte
negyven,<img src=" "></img><br>vierzig
nekünk,<img src=" "></img><br>für uns
nélkül,<img src=" "></img><br>ohne
nem,<img src=" "></img><br>nein (mondat elején)    nicht (mondat közben)
német,<img src=" "></img><br>deutsch
nemzet,<img src=" "></img><br>die Nation
név,<img src=" "></img><br>der Name
nevetni,<img src=" "></img><br>lachen    h.
normális,<img src=" "></img><br>normal
növény,<img src=" "></img><br>die Pflanze
nő,<img src=" "></img><br>die Frau
nulla,<img src=" "></img><br>null
nyak,<img src=" "></img><br>der Hals
nyár,<img src=" "></img><br>der Sommer
nyelv,<img src=" "></img><br>die Sprache
 nyelvtanfolyam,<img src=" "></img><br>der Sprachkurs
nyers,<img src=" "></img><br>roh
nyit,<img src=" "></img><br>öffnen
nyolc,<img src=" "></img><br>acht
nyolcvan,<img src=" "></img><br>achtzig
nyugat,<img src=" "></img><br>der West
nyugdíjas,<img src=" "></img><br>der die Rentner in
oklevél,<img src=" "></img><br>die Urkunde
október,<img src=" "></img><br>der Oktober
olaj,<img src=" "></img><br>das Öl
olcsó,<img src=" "></img><br>billig
oldal,<img src=" "></img><br>die Seite
olvasni,<img src=" "></img><br>lesen    las    h. gelesen
óra,<img src=" "></img><br>die Uhr
orr,<img src=" "></img><br>die Nase
ország,<img src=" "></img><br>das Land
orvos,<img src=" "></img><br>derArzt
orvosság,<img src=" "></img><br>die Medizin
férfi/nő,<img src=" "></img><br>der die Österreicher in
osztani,<img src=" "></img><br>teilen    h.
óta,<img src=" "></img><br>seit
ott,<img src=" "></img><br>dort
óváros,<img src=" "></img><br>die Altstadt
ő (férfi/nő),<img src=" "></img><br>er sie es
ők,<img src=" "></img><br>sie
öltöny,<img src=" "></img><br>der Anzug
ön/ önök,<img src=" "></img><br>Sie
őr,<img src=" "></img><br>der die Wächter in
öreg/ idős,<img src=" "></img><br>alt
örülni/ örülök,<img src=" "></img><br>sich freuen    ich freue mich
ősz (évszak),<img src=" "></img><br>der Herbst
öt,<img src=" "></img><br>fünf
ötödik,<img src=" "></img><br>fünfte
ötven,<img src=" "></img><br>fünfzig
öv,<img src=" "></img><br>der Gürtel
páciens,<img src=" "></img><br>die derPatient in
pályaudvar,<img src=" "></img><br>der Bahnhof
panasz,<img src=" "></img><br>die Beschwerde
papír,<img src=" "></img><br>das Papier
pár,<img src=" "></img><br>das Paar
park,<img src=" "></img><br>der Park
parkolás,<img src=" "></img><br>das Parking
péntek,<img src=" "></img><br>der Freitag
pénz,<img src=" "></img><br>das Geld
pénzváltó,<img src=" "></img><br>die Wechselstube
perc,<img src=" "></img><br>die Minute
piac,<img src=" "></img><br>der Markt m
pincér,<img src=" "></img><br>der die Kellner in
piszkos,<img src=" "></img><br>schmutzig
pohár,<img src=" "></img><br>das Glas
posta,<img src=" "></img><br>die Post
pótlék,<img src=" "></img><br>der Zuschlag
pulóver,<img src=" "></img><br>der Pullover
pumpa,<img src=" "></img><br>die Pumpe
pumpálni,<img src=" "></img><br>pumpen    h.
rádió,<img src=" "></img><br>das Radio
recepció,<img src=" "></img><br>die Rezeption
recepciós/nő,<img src=" "></img><br>der Rezeptionist    die Rezeptionistin
reggel/ reggel (időhatározó),<img src=" "></img><br>der Morgen     am Morgen
reggelente,<img src=" "></img><br>morgens
reggeli   reggelizni,<img src=" "></img><br>das Frühstück - frühstücken
rendben,<img src=" "></img><br>in Ordnung
rendelés,<img src=" "></img><br>die Bestellung
rendelni,<img src=" "></img><br>bestellen    h.
rendőrség,<img src=" "></img><br>die Polizei
rendőr/nő,<img src=" "></img><br>der die Polizist in
repül,<img src=" "></img><br>fliegen    flog    i. geflogen
repülő,<img src=" "></img><br>das Flugzeug
rossz,<img src=" "></img><br>schlecht    falsch (hamis)
rögtön,<img src=" "></img><br>sofort
rövid,<img src=" "></img><br>kurz
ruha,<img src=" "></img><br>das Kleid
saját,<img src=" "></img><br>eigen-e
sajnálom,<img src=" "></img><br>es tut mir leid
sajnos,<img src=" "></img><br>leider
sajt,<img src=" "></img><br>der Käse
sapka,<img src=" "></img><br>die Mütze
sárga,<img src=" "></img><br>gelb
sarok,<img src=" "></img><br>die Ecke
sebességkorlátozás,<img src=" "></img><br>die Geschwindigkeitsbegrenzung
segíteni,<img src=" "></img><br>helfen    half    h. geholfen
semmi,<img src=" "></img><br>nichts
senki,<img src=" "></img><br>niemand
sérült,<img src=" "></img><br>verletzt
sétálni,<img src=" "></img><br>spazieren    h.
só,<img src=" "></img><br>das Salz
soha,<img src=" "></img><br>nie
sok,<img src=" "></img><br>viel
sör,<img src=" "></img><br>das Bier
sötét,<img src=" "></img><br>dunkel
sürgősen,<img src=" "></img><br>dringend
szabad,<img src=" "></img><br>frei
szabadidő,<img src=" "></img><br>die Freizeit
szabadság,<img src=" "></img><br>der Urlaub
száj,<img src=" "></img><br>der Mund
szakács/nő,<img src=" "></img><br>der Koch    die Köchin
szállítani,<img src=" "></img><br>liefern    h.
szám,<img src=" "></img><br>die Nummer
számla,<img src=" "></img><br>die Rechnung
szappan,<img src=" "></img><br>die Seife
száraz,<img src=" "></img><br>trocken
száz,<img src=" "></img><br>hundert
szék,<img src=" "></img><br>der Stuhl
széles,<img src=" "></img><br>weit
szem,<img src=" "></img><br>das Auge
szemben,<img src=" "></img><br>gegenüber
szemüveg,<img src=" "></img><br>die Brille
szép,<img src=" "></img><br>schön
szeptember,<img src=" "></img><br>der September
szerda,<img src=" "></img><br>der Mittwoch
szeretnék/ szeretnél,<img src=" "></img><br>ich möchte    du möchtest
szín,<img src=" "></img><br>die Farbe
színház,<img src=" "></img><br>das Theater
szív,<img src=" "></img><br>das Herz n
szoba,<img src=" "></img><br>das Zimmer
szobalány,<img src=" "></img><br>das Zimmermädchen
szombat,<img src=" "></img><br>der Samstag
szomjas,<img src=" "></img><br>durstig
szomszéd/nő,<img src=" "></img><br>der die Nachbar in
szótár,<img src=" "></img><br>das Wörterbuch
szűk,<img src=" "></img><br>eng
szükséges/ szükségem van,<img src=" "></img><br>nötig    ich brauche
szülők,<img src=" "></img><br>die Eltern
szünet,<img src=" "></img><br>die Ferien  (iskolai) Pause
szürke,<img src=" "></img><br>grau
takaró,<img src=" "></img><br>die Decke
találkozni,<img src=" "></img><br>sich treffen    traf    h. getroffen
találni,<img src=" "></img><br>finden    fand    h. gefunden
talán,<img src=" "></img><br>vielleicht
tanár/nő,<img src=" "></img><br>der die Lehrer in
tánc,<img src=" "></img><br>der Tanz
tanulni,<img src=" "></img><br>lernen    h.
tányér,<img src=" "></img><br>der Teller
táska,<img src=" "></img><br>die Tasche
tavasz,<img src=" "></img><br>der Frühling
tea,<img src=" "></img><br>der Tee
tegnap,<img src=" "></img><br>gestern
tej,<img src=" "></img><br>die Milch
tél,<img src=" "></img><br>der Winter
teli,<img src=" "></img><br>voll
teljesen,<img src=" "></img><br>ganz
templom,<img src=" "></img><br>die Kirche
tenger,<img src=" "></img><br>das Meer
térd,<img src=" "></img><br>das Knie
térkép,<img src=" "></img><br>die Karte
ternészetesen/ persze,<img src=" "></img><br>natürlich    freilich
tessék?,<img src=" "></img><br>wie bitte?
test,<img src=" "></img><br>der Körper
testvér (lány),<img src=" "></img><br>die Schwester (lány)   der Bruder (fiú)
tető,<img src=" "></img><br>das Dach
tied (a te....),<img src=" "></img><br>dein...
tiszta,<img src=" "></img><br>sauber
tíz,<img src=" "></img><br>zehn
tizenegy,<img src=" "></img><br>elf
tizenkettő,<img src=" "></img><br>zwölf
tó,<img src=" "></img><br>der See
tojás,<img src=" "></img><br>das Ei
több,<img src=" "></img><br>mehr
törölköző,<img src=" "></img><br>das Handtuch
tulajdonos/nő,<img src=" "></img><br>der die Besitzer in
tű,<img src=" "></img><br>die Nadel
tükör,<img src=" "></img><br>der Spiegel
tűz,<img src=" "></img><br>das Feuer
új,<img src=" "></img><br>neu
ujj,<img src=" "></img><br>der Finger
unalmas,<img src=" "></img><br>langweilig
úr,<img src=" "></img><br>der Herr
úszni,<img src=" "></img><br>schwimmen    schwamm    i. geschwommen
út,<img src=" "></img><br>der Weg
után,<img src=" "></img><br>nach
utas,<img src=" "></img><br>der Passagier
utazás,<img src=" "></img><br>die Fahrt
utazni (járművel menni),<img src=" "></img><br>fahren    fuhr    i. gefahren
utca,<img src=" "></img><br>die Strasse
útlevél,<img src=" "></img><br>der Pass
utolsó,<img src=" "></img><br>letzte
üdvözölni,<img src=" "></img><br>wilkommen    h.
ügyvéd,<img src=" "></img><br>der Anwalt
ülni,<img src=" "></img><br>sitzen    saß    h. gesessen
üres,<img src=" "></img><br>leer
üveg,<img src=" "></img><br>die Flasche
üzlet,<img src=" "></img><br>das Geschäft
vacsora,<img src=" "></img><br>das Abendessen
vacsorázni,<img src=" "></img><br>zu Abendessen
vagy (kötőszó),<img src=" "></img><br>oder
vaj,<img src=" "></img><br>die Butter
 val/  vel,<img src=" "></img><br>mit
valaki,<img src=" "></img><br>jemand
valami,<img src=" "></img><br>etwas
vallás,<img src=" "></img><br>die Religion
valószínűleg,<img src=" "></img><br>wahrscheinlich
várni,<img src=" "></img><br>warten    h.
város,<img src=" "></img><br>die Stadt
vasárnap,<img src=" "></img><br>der Sonntag
vásárolni,<img src=" "></img><br>kaufen    h.
vasút,<img src=" "></img><br>die Eisenbahn
vége,<img src=" "></img><br>das Ende
vékony,<img src=" "></img><br>dünn
velünk,<img src=" "></img><br>mit uns
veszélyes,<img src=" "></img><br>gefährlich
vezetni (járművet),<img src=" "></img><br>lenken    leiten (intézményt
vezető/nő (jármű),<img src=" "></img><br>der die Lenker in
vidám,<img src=" "></img><br>lustig
világos,<img src=" "></img><br>hell
vinni,<img src=" "></img><br>tragen    trug    h. getragen
virág,<img src=" "></img><br>die Blume
viszontlátásra!,<img src=" "></img><br>auf Wiedersehen!
visszajönni,<img src=" "></img><br>zurück kommen
víz,<img src=" "></img><br>das Wasser
vonat,<img src=" "></img><br>der Zug
völgy,<img src=" "></img><br>das Tal
zakó,<img src=" "></img><br>das Jacket
zárni,<img src=" "></img><br>schließ    schloß    h. geschlossen
zárva,<img src=" "></img><br>geschlossen
zavarni,<img src=" "></img><br>stören    h.
zene,<img src=" "></img><br>die Musik
zokni,<img src=" "></img><br>die Socken
zöld,<img src=" "></img><br>grün
zöldség,<img src=" "></img><br>das Gemüse
zuhany,<img src=" "></img><br>die Dusche
zsebkendő,<img src=" "></img><br>das Taschentuch
zsemle,<img src=" "></img><br>das Brötchen     die Semmel (osztrák)
zsír,<img src=" "></img><br>das Fett
zsírszegény,<img src=" "></img><br>fettarm
Mikor?,<img src=" "></img><br>wann?
nappal,<img src=" "></img><br>am Tage
éjjel,<img src=" "></img><br>nachts
korán reggel,<img src=" "></img><br>früh ()morgens)
reggel,<img src=" "></img><br>morgens
délelőtt,<img src=" "></img><br>vormittags
délben,<img src=" "></img><br>mittags
délután,<img src=" "></img><br>nachmittags
este,<img src=" "></img><br>abends
éjfélkor,<img src=" "></img><br>um Mitternacht
éjfél után,<img src=" "></img><br>nach Mitternacht
naponta,<img src=" "></img><br>täglich
minden nap,<img src=" "></img><br>jeden Tag
minden este,<img src=" "></img><br>jeden Abend
ma,<img src=" "></img><br>heute
holnap,<img src=" "></img><br>morgen
tegnap,<img src=" "></img><br>gestern
tegnapelőtt,<img src=" "></img><br>vorgestern
holnapután,<img src=" "></img><br>übermorgen
mindig,<img src=" "></img><br>immer
péntek előtt,<img src=" "></img><br>vor Freitag
holnapig,<img src=" "></img><br>bis morgen
nyáron,<img src=" "></img><br>während des Sommers
minden héten,<img src=" "></img><br>jede Woche
azonnal,<img src=" "></img><br>sofort
soha,<img src=" "></img><br>nie
még nem,<img src=" "></img><br>noch nicht
most,<img src=" "></img><br>jetzt
gyakran,<img src=" "></img><br>oft
hétköznapokon,<img src=" "></img><br>an Werktagen
hetente egyszer,<img src=" "></img><br>eimal in der Woche
néha,<img src=" "></img><br>manchmal
hamarosan,<img src=" "></img><br>bald
akkor,<img src=" "></img><br>dann
két napon belül,<img src=" "></img><br>innerhalb von zwei Tagen
tavaly,<img src=" "></img><br>voriges Jahr
jövőre,<img src=" "></img><br>nächstes Jahr
a múlt évben,<img src=" "></img><br>im letzten Jahr
a jövő évben,<img src=" "></img><br>im nächsten Jahr
egy hét múlva,<img src=" "></img><br>in 8 Tagen
két hét múlva,<img src=" "></img><br>in 14 Tagen
egy hét óta,<img src=" "></img><br>seit einer Woche
két hónap múlva,<img src=" "></img><br>in zwei Monaten
egy évvel ezelőtt,<img src=" "></img><br>vor einem Jahr
nemsokára,<img src=" "></img><br>bald
nemrég,<img src=" "></img><br>vor kurzem
folyamán..,<img src=" "></img><br>während..
az év folyamán,<img src=" "></img><br>während des Jahres
egy hónap alatt,<img src=" "></img><br>während eines Monats
Hányadika van ma?,<img src=" "></img><br>Den wievielten haben wir heute?
február elseje,<img src=" "></img><br>der 1. Februar
március 14. én,<img src=" "></img><br>am 14. März
Junius 4. én elutazom.,<img src=" "></img><br>Ich reise am 4. Juni ab.
ezen a héten,<img src=" "></img><br>in dieser Woche
Ma huszadika van.,<img src=" "></img><br>Heute ist der 20.
augusztus 8. án,<img src=" "></img><br>den 8. August
folyó hó harmadikán,<img src=" "></img><br>am 3. dieses Monats
ebben a hónapban,<img src=" "></img><br>in diesem Monat
julius 2. tól,<img src=" "></img><br>vom zweiten Juli
másodikáig,<img src=" "></img><br>bis zum zweiten
másodika felé,<img src=" "></img><br>um den zweiten
másodika előtt,<img src=" "></img><br>vor dem zweiten
másodika után,<img src=" "></img><br>nach dem zweten
Mikor van a születésnapod?,<img src=" "></img><br>Wann ist dein Geburtstag?
ujévkor,<img src=" "></img><br>zu Neujahr
húsvétkor,<img src=" "></img><br>zu Ostern
karácsonykor,<img src=" "></img><br>zu Weihnachten
szilvesztetkor,<img src=" "></img><br>zu Silvester
hébe hóba,<img src=" "></img><br>ab und zu